chulGubun,hrNo,korHrnm,prGubun,spTime,stTime,swimTr,time,trDate,trName2
금주출전,0043400,금세다,기수,07:09,07:01,-,8분,2026-04-20,박병일(27조)
금주출전,0042046,엠제이베스트,관리사,08:29,08:16,-,13분,2026-04-20,문병기(21조)
금주출전,0043864,아마존킹,관리사,06:21,06:10,-,11분,2026-04-20,토니(30조)
금주출전,0044846,아치메모리,기수,07:07,06:55,-,12분,2026-04-20,심승태(37조)
금주출전,0038052,서울탱크,기수,07:37,07:26,-,11분,2026-04-20,이동국(17조)
금주출전,0042869,홀리데이참,기수,08:06,07:55,-,11분,2026-04-20,최봉주(16조)
금주출전,0046741,컴플리트파티,기수,06:55,06:45,-,10분,2026-04-20,이신우(14조)
금주출전,0046717,아카펠,관리사,06:20,06:10,-,10분,2026-04-20,서인석(33조)
금주출전,0045828,아만바로우즈,관리사,08:31,08:15,-,16분,2026-04-20,서인석(33조)
금주출전,0040914,챌린지삭스,관리사,07:39,07:29,-,10분,2026-04-20,이관호(42조)
차주출전,0043840,남산무적,관리사,07:14,07:03,-,11분,2026-04-20,강성오(9조)
금주출전,0045894,미스윈스타,기수,07:52,07:40,-,12분,2026-04-20,최봉주(16조)
차주출전,0044487,킹아너,관리사,07:25,07:13,-,12분,2026-04-20,박윤규(4조)
금주출전,0044497,올포유어드림,기수,07:00,06:48,-,12분,2026-04-20,신삼영(41조)
금주출전,0046716,골드뭉치,기수,07:14,07:06,-,8분,2026-04-20,리카디(34조)
차주출전,0045100,텐배거,관리사,07:25,07:12,-,13분,2026-04-20,심승태(37조)
금주출전,0044516,쌍옥루,기수,07:41,07:30,-,11분,2026-04-20,최봉주(16조)
차주출전,0044526,원평코드,관리사,06:52,06:40,-,12분,2026-04-20,박병일(27조)
금주출전,0040921,슈퍼엑톤,관리사,06:19,06:10,-,9분,2026-04-20,강환민(31조)
금주출전,0046756,명진불패,기수,07:31,07:23,-,8분,2026-04-20,문병기(21조)
차주출전,0045900,나올대왕,관리사,06:29,06:20,-,9분,2026-04-20,조현수(11조)
금주출전,3103913,신의명장,관리사,06:40,06:28,-,12분,2026-04-20,이준호(5조)
금주출전,3103906,돈보따리,관리사,06:45,06:34,-,11분,2026-04-20,변용호(2조)
금주출전,3103652,한라제패,조교사,06:12,06:02,-,10분,2026-04-20,강영진(15조)
금주출전,3103949,소록태풍,관리사,06:35,06:23,-,12분,2026-04-20,김태준(6조)
금주출전,3103770,일품가속,관리사,07:50,07:30,-,20분,2026-04-20,이준호(5조)
금주출전,3103685,강한파워,관리사,06:19,06:07,-,12분,2026-04-20,최기호(7조)
금주출전,3103760,백록천하,조교사,07:45,07:21,-,24분,2026-04-20,박병진(18조)
차주출전,3103842,연대기,조교사,07:35,07:18,-,17분,2026-04-20,문성호(8조)
차주출전,3103519,환상지오,조교사,07:52,07:39,-,13분,2026-04-20,강영진(15조)
금주출전,3103588,소왕산,관리사,06:46,06:35,-,11분,2026-04-20,윤덕상(20조)
금주출전,3103717,굳셀건,기수,08:16,08:01,-,15분,2026-04-20,박병진(18조)
금주출전,3104083,마패도끼,관리사,07:00,06:49,-,11분,2026-04-20,이태용(12조)
차주출전,3103962,장전공주,관리사,06:15,06:00,-,15분,2026-04-20,이태용(12조)
금주출전,3103787,보라매,관리사,07:12,07:04,-,8분,2026-04-20,윤덕상(20조)
금주출전,3103637,엘리트강자,관리사,06:26,06:05,-,21분,2026-04-20,강대은(3조)
차주출전,3103963,운주자랑,관리사,07:26,07:20,-,6분,2026-04-20,최기호(7조)
금주출전,3103516,신발진,관리사,06:47,06:31,-,16분,2026-04-20,강태종(9조)
금주출전,3103899,아리향,기수,07:09,06:59,-,10분,2026-04-20,윤덕상(20조)
금주출전,3103695,봉천수,관리사,07:23,07:07,-,16분,2026-04-20,김길홍(1조)
차주출전,3103495,돈마맨,기수,07:23,07:09,-,14분,2026-04-20,김길홍(1조)
금주출전,3103935,금촌대박,관리사,06:05,05:59,-,6분,2026-04-20,고영덕(13조)
차주출전,3104085,명품최강,관리사,07:32,07:20,-,12분,2026-04-20,이준호(5조)
금주출전,3104068,전승소녀,기수,07:20,07:09,-,11분,2026-04-20,강태종(9조)
차주출전,3104094,명성만리,관리사,07:15,07:05,-,10분,2026-04-20,이태용(12조)
금주출전,3103802,광풍천리,관리사,07:05,06:56,-,9분,2026-04-20,이준호(5조)
금주출전,3104115,양대진품,조교사,07:50,07:30,-,20분,2026-04-20,이준호(5조)
금주출전,3103803,백두영웅,관리사,06:58,06:48,-,10분,2026-04-20,신경호(17조)
금주출전,3103621,청마특급,관리사,06:18,06:06,-,12분,2026-04-20,한상배(14조)
금주출전,3103477,무적명장,관리사,07:14,07:02,-,12분,2026-04-20,강태종(9조)
금주출전,3103871,남조로,관리사,06:47,06:30,-,17분,2026-04-20,고영덕(13조)
차주출전,3103881,강한댄서,관리사,07:45,07:35,-,10분,2026-04-20,강영진(15조)
금주출전,3103580,스트롱포스,관리사,06:08,06:01,-,7분,2026-04-20,김태준(6조)
차주출전,3103947,자유시대,조교사,08:01,07:47,-,14분,2026-04-20,심도연(4조)
금주출전,3104091,석안유심,관리사,06:17,06:00,-,17분,2026-04-20,강태종(9조)
금주출전,3103953,홍의여걸,관리사,06:34,06:12,-,22분,2026-04-20,한상배(14조)
특별대상경주,0053540,더엑설런트,기수,07:33,07:22,-,11분,2026-04-20,서인석(33조)
금주출전,0053524,스터닝볼트,관리사,07:23,07:13,-,10분,2026-04-20,김동균(52조)
차주출전,0053712,파카샤인,기수,06:52,06:44,-,8분,2026-04-20,전승규(25조)
금주출전,0053489,쾌걸춘향,기수,06:52,06:41,-,11분,2026-04-20,이동국(17조)
차주출전,0053696,퀸즈플라잉,관리사,08:23,08:12,-,11분,2026-04-20,이준철(48조)
금주출전,0053587,서부특송,관리사,06:23,06:13,-,10분,2026-04-20,서인석(33조)
차주출전,0053516,일산스나이퍼,관리사,07:52,07:41,-,11분,2026-04-20,김동균(52조)
금주출전,0053633,랩처,기수,06:18,06:10,-,8분,2026-04-20,최용구(8조)
차주출전,0053721,태칸,관리사,08:29,08:18,-,11분,2026-04-20,홍윤화(13조)
차주출전,0053705,위즈포인트,기수,08:11,08:00,-,11분,2026-04-20,홍윤화(13조)
차주출전,0053507,브라운맘마,관리사,07:21,07:10,-,11분,2026-04-20,이관호(42조)
차주출전,0053715,관악산레오,관리사,08:41,08:29,-,12분,2026-04-20,리카디(34조)
금주출전,0053494,세라드,기수,06:51,06:38,-,13분,2026-04-20,구자흥(7조)
차주출전,0053493,클러치매직,기수,07:05,06:54,-,11분,2026-04-20,리카디(34조)
차주출전,0053539,누리여왕,관리사,08:04,07:55,-,9분,2026-04-20,김동균(52조)
차주출전,0053568,피엔에스마운,기수,07:15,07:06,-,9분,2026-04-20,박천서(54조)
차주출전,0053488,태광프린스,기수,07:51,07:40,-,11분,2026-04-20,배휴준(29조)
차주출전,0053640,라온사파이어,관리사,08:27,08:14,-,13분,2026-04-20,박종곤(1조)
차주출전,0053537,피엔에스이트,관리사,06:55,06:35,-,20분,2026-04-20,박윤규(4조)
금주출전,0053690,스터닝스킷,관리사,08:32,08:17,-,15분,2026-04-20,김동균(52조)
금주출전,0053708,블랙마마,기수,07:17,07:07,-,10분,2026-04-20,박재우(50조)
금주출전,0053627,젬오브조이,기수,08:14,08:07,-,7분,2026-04-20,성상현(20조)
차주출전,0053498,플라잉마하,관리사,07:36,07:26,-,10분,2026-04-20,임채덕(35조)
특별대상경주,0053663,콩코드블루,관리사,07:23,07:10,-,13분,2026-04-20,이신우(14조)
금주출전,3104290,아크,관리사,06:44,06:34,-,10분,2026-04-20,심도연(4조)
금주출전,3104222,장전바다,관리사,06:15,06:06,-,9분,2026-04-20,김대연(16조)
금주출전,3104218,모나파크,관리사,06:33,06:12,-,21분,2026-04-20,김길홍(1조)
차주출전,3104620,고속행진,조교사,06:43,06:26,-,17분,2026-04-20,이준호(5조)
차주출전,3104585,캡틴맨,관리사,06:48,06:36,-,12분,2026-04-20,최기호(7조)
금주출전,3104582,서부명장,기수,06:44,06:34,-,10분,2026-04-20,심도연(4조)
금주출전,3104622,공간세계,관리사,06:25,06:07,-,18분,2026-04-20,신경호(17조)
차주출전,3104172,멋지다,조교사,07:16,06:56,-,20분,2026-04-20,이준호(5조)
금주출전,3104124,돈마세상,기수,07:09,06:53,-,16분,2026-04-20,윤호상(19조)
금주출전,3104170,육탄질주,기수,06:20,06:07,-,13분,2026-04-20,강대은(3조)
금주출전,3104630,지구,기수,06:15,06:00,-,15분,2026-04-20,윤호상(19조)
금주출전,3104166,해은,관리사,08:11,07:54,-,17분,2026-04-20,문성호(8조)
금주출전,3104580,마인드퀸,기수,08:00,07:50,-,10분,2026-04-20,강대은(3조)
금주출전,3104156,파벽비거,기수,07:20,07:09,-,11분,2026-04-20,김길홍(1조)
금주출전,3104152,황제천하,기수,07:06,06:45,-,21분,2026-04-20,박병진(18조)
금주출전,3104318,삼다킹,조교사,07:01,06:41,-,20분,2026-04-20,박병진(18조)
차주출전,3104576,바다왕자,기수,06:57,06:44,-,13분,2026-04-20,김태준(6조)
금주출전,3104144,슬기돌이,관리사,06:45,06:36,-,9분,2026-04-20,윤호상(19조)
금주출전,3104640,백두전사,관리사,07:55,07:45,-,10분,2026-04-20,심도연(4조)
금주출전,3104141,올인원,기수,07:00,06:43,-,17분,2026-04-20,이준호(5조)
금주출전,3104292,삼다퀸,조교사,06:19,05:59,-,20분,2026-04-20,박병진(18조)
금주출전,3104140,행운열차,기수,06:39,06:22,-,17분,2026-04-20,박병진(18조)
금주출전,3104298,청암수,조교사,07:41,07:28,-,13분,2026-04-20,윤호상(19조)
금주출전,3104565,수방사,관리사,07:31,07:22,-,9분,2026-04-20,심도연(4조)
금주출전,3104135,명품최고,관리사,07:54,07:45,-,9분,2026-04-20,강태종(9조)
차주출전,3104649,일품걸,조교사,06:23,06:12,-,11분,2026-04-20,이준호(5조)
금주출전,3104302,장타호령,관리사,08:25,08:08,-,17분,2026-04-20,강대은(3조)
금주출전,3104319,명성황제,관리사,06:23,06:08,-,15분,2026-04-20,강영진(15조)
금주출전,3104127,일품스톰,관리사,06:25,06:09,-,16분,2026-04-20,이준호(5조)
금주출전,3104317,아름나,조교사,06:15,06:02,-,13분,2026-04-20,윤호상(19조)
금주출전,3104278,장만월,관리사,06:15,06:01,-,14분,2026-04-20,고영덕(13조)
금주출전,3104591,제주전사,관리사,06:20,06:03,-,17분,2026-04-20,최기호(7조)
금주출전,3104264,경국지색,기수,06:47,06:37,-,10분,2026-04-20,변용호(2조)
금주출전,3104260,동백천하,관리사,06:19,05:59,-,20분,2026-04-20,박병진(18조)
차주출전,3104599,천지장군,기수,06:17,06:01,-,16분,2026-04-20,문성호(8조)
차주출전,3104259,대군주,기수,06:48,06:38,-,10분,2026-04-20,김대연(16조)
차주출전,3104271,폭풍비,관리사,06:16,06:00,-,16분,2026-04-20,이태용(12조)
금주출전,3104674,용담챔프,관리사,08:28,08:18,-,10분,2026-04-20,변용호(2조)
금주출전,3104247,신화여신,기수,07:00,06:50,-,10분,2026-04-20,신경호(17조)
금주출전,3104588,가라공주,기수,08:40,08:32,-,8분,2026-04-20,강대은(3조)
차주출전,3104315,캡틴미소,관리사,07:35,07:18,-,17분,2026-04-20,문성호(8조)
차주출전,3104610,용달이,관리사,06:20,06:01,-,19분,2026-04-20,문성호(8조)
차주출전,3104615,금지게,기수,06:59,06:51,-,8분,2026-04-20,강태종(9조)
금주출전,3104223,청룡에이스,조교사,07:20,07:05,-,15분,2026-04-20,강영진(15조)
금주출전,3104277,세계왕자,조교사,07:38,07:25,-,13분,2026-04-20,강대은(3조)
차주출전,0051768,마스터콰이곤,관리사,08:27,08:19,-,8분,2026-04-20,리카디(34조)
금주출전,0051794,아쿠아라인,기수,07:09,06:57,-,12분,2026-04-20,서범석(12조)
차주출전,0051573,노프라블럼,관리사,06:20,06:12,-,8분,2026-04-20,최용건(51조)
금주출전,0051562,퀸다이아,기수,07:18,07:06,-,12분,2026-04-20,이관호(42조)
금주출전,0051786,학산카이로,기수,07:30,07:17,-,13분,2026-04-20,박병일(27조)
금주출전,0051594,누리천왕,관리사,07:50,07:40,-,10분,2026-04-20,이준철(48조)
금주출전,0051770,섬싱다크,기수,06:56,06:47,-,9분,2026-04-20,홍대유(6조)
금주출전,0051670,발키리,기수,07:17,07:10,-,7분,2026-04-20,박재우(50조)
차주출전,0051748,문학보이,관리사,08:55,08:45,-,10분,2026-04-20,정호익(10조)
금주출전,0051653,탭딘,기수,07:01,06:52,-,9분,2026-04-20,문병기(21조)
차주출전,0051758,차밍퀸,관리사,06:41,06:30,-,11분,2026-04-20,리카디(34조)
차주출전,0051567,퍼펙트다나은,관리사,08:44,08:30,-,14분,2026-04-20,김동균(52조)
금주출전,0051681,피엔에스워크,기수,06:20,06:10,-,10분,2026-04-20,박윤규(4조)
금주출전,0051793,슬링스타,관리사,08:43,08:32,-,11분,2026-04-20,김동균(52조)
차주출전,0051450,골드스텝,관리사,06:42,06:30,-,12분,2026-04-20,서인석(33조)
금주출전,0051630,칸맥스,기수,07:17,07:09,-,8분,2026-04-20,서인석(33조)
금주출전,0051814,로드투스피어,관리사,06:32,06:24,-,8분,2026-04-20,임채덕(35조)
금주출전,0051574,모닝원더,관리사,07:23,07:02,-,21분,2026-04-20,강성오(9조)
금주출전,0051791,엠지퍼스트,기수,08:03,07:52,-,11분,2026-04-20,박재우(50조)
금주출전,0051622,관악산체크인,관리사,07:44,07:36,-,8분,2026-04-20,이준철(48조)
금주출전,0051649,두레이쇼,관리사,06:43,06:34,-,9분,2026-04-20,김동균(52조)
금주출전,0051549,운주타임,관리사,06:27,06:18,-,9분,2026-04-20,김동균(52조)
차주출전,0051610,말스고,관리사,06:58,06:46,-,12분,2026-04-20,서인석(33조)
차주출전,0051628,불의세계,관리사,06:23,06:14,-,9분,2026-04-20,조현수(11조)
금주출전,3105327,윈드파이터,관리사,06:50,06:36,-,14분,2026-04-20,최기호(7조)
금주출전,3104785,대기성,조교사,08:13,07:51,-,22분,2026-04-20,윤호상(19조)
금주출전,3105285,색달의힘,관리사,06:17,06:06,-,11분,2026-04-20,윤덕상(20조)
차주출전,3104791,오등동,기수,06:12,05:59,-,13분,2026-04-20,고영덕(13조)
금주출전,3104809,늘찬,관리사,07:20,07:11,-,9분,2026-04-20,윤호상(19조)
금주출전,3104794,기찬,관리사,06:42,06:30,-,12분,2026-04-20,윤덕상(20조)
금주출전,3104675,전국챔프,관리사,07:35,07:07,-,28분,2026-04-20,박병진(18조)
금주출전,3107299,우대산,관리사,07:59,07:40,-,19분,2026-04-20,변용호(2조)
차주출전,3107354,수상비,관리사,06:25,06:07,-,18분,2026-04-20,신경호(17조)
차주출전,3107359,천리질주,관리사,06:58,06:40,-,18분,2026-04-20,강영진(15조)
차주출전,3104799,세모다,기수,07:25,07:10,-,15분,2026-04-20,한상배(14조)
금주출전,3105002,서부용사,기수,07:58,07:45,-,13분,2026-04-20,심도연(4조)
금주출전,3105273,서귀명성,기수,06:32,06:17,-,15분,2026-04-20,윤호상(19조)
차주출전,3104690,얼룩전사,관리사,07:46,07:39,-,7분,2026-04-20,김길홍(1조)
차주출전,3104803,웅진한라,관리사,07:14,07:05,-,9분,2026-04-20,강대은(3조)
금주출전,3107316,에스프리,조교사,06:15,06:01,-,14분,2026-04-20,김태준(6조)
금주출전,3105271,돈마천하,관리사,06:15,06:01,-,14분,2026-04-20,김길홍(1조)
금주출전,3105511,해뜨고,기수,06:35,06:21,-,14분,2026-04-20,김대연(16조)
금주출전,3107312,무림통일,기수,06:25,06:15,-,10분,2026-04-20,신경호(17조)
금주출전,3104812,천상비룡,관리사,07:16,07:08,-,8분,2026-04-20,고영덕(13조)
금주출전,3104805,웅진영웅,관리사,06:45,06:31,-,14분,2026-04-20,김길홍(1조)
금주출전,3105272,메이저,기수,06:59,06:43,-,16분,2026-04-20,이준호(5조)
금주출전,3107298,대봉산,관리사,07:29,07:09,-,20분,2026-04-20,한상배(14조)
차주출전,3104711,빛나라공주,기수,07:37,07:22,-,15분,2026-04-20,심도연(4조)
금주출전,3107341,한판승,관리사,06:17,06:05,-,12분,2026-04-20,윤덕상(20조)
금주출전,3105309,무한도전,기수,06:45,06:28,-,17분,2026-04-20,신경호(17조)
금주출전,3107322,넘버원,관리사,07:01,06:40,-,21분,2026-04-20,박병진(18조)
차주출전,3104766,월평천하,기수,06:47,06:40,-,7분,2026-04-20,고영덕(13조)
금주출전,3107296,직진고,조교사,06:18,06:01,-,17분,2026-04-20,문성호(8조)
차주출전,3104741,무주영웅,기수,06:58,06:48,-,10분,2026-04-20,고영덕(13조)
금주출전,3105286,자유연대,관리사,06:54,06:39,-,15분,2026-04-20,김태준(6조)
차주출전,3104752,태흥신공,기수,07:33,07:26,-,7분,2026-04-20,고영덕(13조)
금주출전,3104749,한빛제일,관리사,07:16,06:59,-,17분,2026-04-20,고영덕(13조)
차주출전,3104743,행운의빛,기수,07:26,07:14,-,12분,2026-04-20,최기호(7조)
차주출전,3105317,신통방통,관리사,06:29,06:21,-,8분,2026-04-20,김태준(6조)
금주출전,0053912,유니카,조교사,06:47,06:34,-,13분,2026-04-20,토니(30조)
차주출전,0053980,미스터태양,관리사,08:25,08:14,-,11분,2026-04-20,문병기(21조)
차주출전,0053902,성실위너,관리사,08:06,07:57,-,9분,2026-04-20,심승태(37조)
금주출전,0053901,우항상스타,관리사,07:35,07:25,-,10분,2026-04-20,최용구(8조)
차주출전,0053796,청강여름,관리사,06:56,06:43,-,13분,2026-04-20,성상현(20조)
차주출전,0053761,세이버스,조교사,08:28,08:08,-,20분,2026-04-20,정하백(15조)
차주출전,0053798,닌자타이거,관리사,07:26,07:15,-,11분,2026-04-20,홍윤화(13조)
차주출전,0053888,콩코드코디,기수,07:10,06:56,-,14분,2026-04-20,함완식(28조)
특별대상경주,0053950,초콜릿,기수,07:15,07:03,-,12분,2026-04-20,서인석(33조)
차주출전,0053963,노블매치,관리사,07:02,06:49,-,13분,2026-04-20,최용구(8조)
금주출전,0053760,밸리드영,기수,07:21,07:10,-,11분,2026-04-20,문병기(21조)
금주출전,0053879,마스크걸,기수,07:53,07:43,-,10분,2026-04-20,문병기(21조)
금주출전,0053877,거센돌격,관리사,07:47,07:38,-,9분,2026-04-20,이신우(14조)
금주출전,0053967,학산헤니,기수,07:01,06:50,-,11분,2026-04-20,박재우(50조)
차주출전,0053863,피어나리,기수,06:34,06:23,-,11분,2026-04-20,성상현(20조)
차주출전,0053739,청강봄,관리사,06:39,06:25,-,14분,2026-04-20,최용구(8조)
금주출전,0053875,클럽맨,기수,08:06,07:55,-,11분,2026-04-20,서범석(12조)
차주출전,0053733,쏘아라하하,기수,06:56,06:46,-,10분,2026-04-20,이관호(42조)
금주출전,0053874,델타최강,기수,06:20,06:12,-,8분,2026-04-20,함완식(28조)
차주출전,0053817,거센함성,관리사,07:36,07:26,-,10분,2026-04-20,이신우(14조)
금주출전,0053872,세명피크,기수,07:07,06:53,-,14분,2026-04-20,조현수(11조)
금주출전,0053941,와일드매직,기수,07:47,07:40,-,7분,2026-04-20,리카디(34조)
금주출전,0053923,거대한빛,기수,07:35,07:24,-,11분,2026-04-20,최봉주(16조)
차주출전,0053792,태극왕자,관리사,07:41,07:29,-,12분,2026-04-20,강성오(9조)
차주출전,0053825,컴퍼스포스,관리사,08:07,07:54,-,13분,2026-04-20,임채덕(35조)
차주출전,0053778,대한시대,관리사,06:32,06:21,-,11분,2026-04-20,강성오(9조)
차주출전,0053850,우루스코르사,관리사,08:02,07:54,-,8분,2026-04-20,송문길(40조)
금주출전,0053786,내길의원더풀,기수,06:56,06:41,-,15분,2026-04-20,정호익(10조)
차주출전,0053903,성은인트리그,기수,08:37,08:26,-,11분,2026-04-20,이관호(42조)
금주출전,0053785,스톰트루퍼,기수,07:20,07:12,-,8분,2026-04-20,정호익(10조)
차주출전,3107483,장타퀸,관리사,06:15,05:59,-,16분,2026-04-20,박병진(18조)
금주출전,3107554,비상질주,관리사,06:37,06:26,-,11분,2026-04-20,고영덕(13조)
금주출전,3107542,황해바람,관리사,07:31,07:16,-,15분,2026-04-20,강태종(9조)
금주출전,3107590,천하일품,조교사,06:39,06:21,-,18분,2026-04-20,박병진(18조)
금주출전,3107487,신화왕자,기수,07:59,07:35,-,24분,2026-04-20,신경호(17조)
금주출전,3107410,천왕봉,기수,06:15,06:03,-,12분,2026-04-20,한상배(14조)
차주출전,3107580,월광검,관리사,06:32,06:17,-,15분,2026-04-20,윤호상(19조)
금주출전,3107471,텐언더,관리사,06:19,06:01,-,18분,2026-04-20,문성호(8조)
금주출전,3107394,전승퀸,기수,07:11,06:59,-,12분,2026-04-20,강대은(3조)
차주출전,3107566,롱히트,기수,06:51,06:33,-,18분,2026-04-20,문성호(8조)
차주출전,3107443,멋진여신,기수,06:48,06:36,-,12분,2026-04-20,최기호(7조)
금주출전,3107371,오도롱,조교사,06:36,06:22,-,14분,2026-04-20,강영진(15조)
금주출전,3107485,대지사랑,조교사,06:40,06:20,-,20분,2026-04-20,강태종(9조)
차주출전,3107826,청풍제주,관리사,07:31,07:19,-,12분,2026-04-20,강영진(15조)
차주출전,3107609,천지태풍,조교사,06:22,06:02,-,20분,2026-04-20,강대은(3조)
차주출전,3107515,백록황후,관리사,06:46,06:36,-,10분,2026-04-20,강태종(9조)
금주출전,3107602,색달파워,기수,07:44,07:26,-,18분,2026-04-20,윤호상(19조)
금주출전,3107543,대보름,관리사,06:42,06:30,-,12분,2026-04-20,윤덕상(20조)
차주출전,3107436,어마장장,관리사,06:08,06:00,-,8분,2026-04-20,강태종(9조)
차주출전,3107536,지존여걸,조교사,07:16,07:02,-,14분,2026-04-20,박병진(18조)
금주출전,3107435,황제대로,관리사,06:23,06:08,-,15분,2026-04-20,강영진(15조)
차주출전,3107522,무한정벌,기수,06:25,06:07,-,18분,2026-04-20,신경호(17조)
차주출전,3107615,사라호,관리사,07:09,06:53,-,16분,2026-04-20,윤호상(19조)
차주출전,3107390,세븐언더,기수,07:37,07:28,-,9분,2026-04-20,최기호(7조)
금주출전,3107631,오룡거,관리사,07:57,07:44,-,13분,2026-04-20,윤덕상(20조)
금주출전,3107446,곤룡포,기수,07:57,07:46,-,11분,2026-04-20,윤덕상(20조)
차주출전,3107427,황리단,기수,07:44,07:23,-,21분,2026-04-20,윤덕상(20조)
금주출전,3107565,레드크라운,관리사,06:40,06:28,-,12분,2026-04-20,이준호(5조)
차주출전,3107447,천무강,관리사,06:51,06:35,-,16분,2026-04-20,이태용(12조)
금주출전,3107428,주마녀,관리사,07:05,06:54,-,11분,2026-04-20,한상배(14조)
차주출전,3107444,삼다누리,관리사,06:51,06:40,-,11분,2026-04-20,한상배(14조)
차주출전,3107537,추격자,관리사,07:29,07:20,-,9분,2026-04-20,한상배(14조)
차주출전,3107477,광명용사,기수,06:07,05:59,-,8분,2026-04-20,김대연(16조)
차주출전,3107560,한라향,관리사,07:41,07:25,-,16분,2026-04-20,윤덕상(20조)
차주출전,3107433,천명자,관리사,07:18,07:09,-,9분,2026-04-20,이준호(5조)
금주출전,3107629,평화군,조교사,07:16,06:48,-,28분,2026-04-20,강태종(9조)
금주출전,3107540,황해여제,관리사,06:25,06:09,-,16분,2026-04-20,이준호(5조)
차주출전,0047319,물레방아,기수,07:08,06:58,-,10분,2026-04-20,박병일(27조)
차주출전,0047353,코탑,관리사,08:10,07:56,-,14분,2026-04-20,임채덕(35조)
금주출전,0047255,혜원용마,기수,08:03,07:54,-,9분,2026-04-20,서인석(33조)
차주출전,0047428,크리솔포시,관리사,08:31,08:18,-,13분,2026-04-20,전승규(25조)
차주출전,0047547,붉은태양,관리사,07:00,06:49,-,11분,2026-04-20,문병기(21조)
차주출전,0047427,로열베스트,관리사,08:53,08:40,-,13분,2026-04-20,박재우(50조)
금주출전,0047435,뷰티풀화성,기수,07:46,07:38,-,8분,2026-04-20,이관호(42조)
금주출전,0050724,오섬퀸,관리사,09:00,08:46,-,14분,2026-04-20,문병기(21조)
차주출전,0047543,신의운명,관리사,06:40,06:32,-,8분,2026-04-20,문병기(21조)
금주출전,0047439,슈퍼블루문,기수,06:32,06:25,-,7분,2026-04-20,심승태(37조)
금주출전,0050640,터보차지,관리사,07:50,07:37,-,13분,2026-04-20,강환민(31조)
금주출전,0047535,안양쓰나미,관리사,07:06,06:58,-,8분,2026-04-20,김윤섭(32조)
특별대상경주,0050241,플라잉스타,기수,07:04,06:54,-,10분,2026-04-20,서인석(33조)
특별대상경주,0050004,글라디우스,관리사,06:55,06:43,-,12분,2026-04-20,강성오(9조)
금주출전,0050318,바주카보이,기수,07:05,06:59,-,6분,2026-04-20,리카디(34조)
차주출전,0047348,마이티캡,관리사,07:16,07:02,-,14분,2026-04-20,함완식(28조)
금주출전,0050685,학산다크호스,기수,06:55,06:44,-,11분,2026-04-20,김윤섭(32조)
금주출전,0047463,비케이벨,관리사,08:27,08:12,-,15분,2026-04-20,조현수(11조)
금주출전,0047424,로열플러스,관리사,07:45,07:32,-,13분,2026-04-20,최용구(8조)
차주출전,0047392,서부챔프,관리사,06:22,06:12,-,10분,2026-04-20,박지헌(18조)
차주출전,0047323,원평누리,관리사,06:20,06:10,-,10분,2026-04-20,심승태(37조)
금주출전,0050695,질주의여왕,관리사,07:18,07:08,-,10분,2026-04-20,이준철(48조)
차주출전,0050108,스톰브레이커,관리사,06:42,06:32,-,10분,2026-04-20,최용건(51조)
차주출전,0047246,피엔에스날라,관리사,06:25,06:14,-,11분,2026-04-20,박윤규(4조)
금주출전,0047322,원평리스트,기수,07:32,07:25,-,7분,2026-04-20,정호익(10조)
금주출전,0047422,스팔타,관리사,08:23,08:09,-,14분,2026-04-20,박재우(50조)
금주출전,0050260,벌교차돌,관리사,07:25,07:14,-,11분,2026-04-20,홍대유(6조)
차주출전,0052886,판타스틱원,관리사,08:23,08:07,-,16분,2026-04-20,임성실(7조)
차주출전,0052845,소우패스트,관리사,07:22,07:14,-,8분,2026-04-20,안우성(15조)
차주출전,0052501,닥터매터스,관리사,07:13,06:58,-,15분,2026-04-20,박재호(13조)
차주출전,0052992,월드파이터맨,관리사,07:25,07:16,-,9분,2026-04-20,임성실(7조)
금주출전,0052977,퀸오브타이거,관리사,07:18,07:08,-,10분,2026-04-20,유현명(19조)
금주출전,0052500,모어앤드모어,관리사,06:48,06:37,-,11분,2026-04-20,박재호(13조)
금주출전,0052969,피디스페셜,기수,07:19,07:09,-,10분,2026-04-20,강형곤(2조)
특별대상경주,0052877,판타스틱밸류,기수,06:25,06:14,-,11분,2026-04-20,임금만(4조)
차주출전,0052881,별빛소나타,관리사,07:31,07:18,-,13분,2026-04-20,토마스(8조)
금주출전,0052497,바이스로열,기수,08:50,08:33,-,17분,2026-04-20,강은석(22조)
금주출전,0052964,돌격스페셜,관리사,06:50,06:40,-,10분,2026-04-20,강형곤(2조)
차주출전,0052927,위너컵,관리사,08:06,07:52,-,14분,2026-04-20,박재호(13조)
금주출전,0052252,라스트드래곤,관리사,06:50,06:40,-,10분,2026-04-20,유현명(19조)
차주출전,0052896,위대한하트,관리사,07:53,07:36,-,17분,2026-04-20,권승주(33조)
차주출전,0052897,바벨폴고레,관리사,06:51,06:39,-,12분,2026-04-20,토마스(8조)
금주출전,0052899,플렉스칸,기수,06:25,06:13,-,12분,2026-04-20,민장기(21조)
차주출전,0052437,로드투희망,관리사,07:10,06:56,-,14분,2026-04-20,김도현(9조)
차주출전,0052947,골든엠파이어,관리사,07:17,07:06,-,11분,2026-04-20,임성실(7조)
금주출전,0052903,금아어뎁트,관리사,07:04,06:49,-,15분,2026-04-20,이상영(27조)
금주출전,0052942,광선대로,관리사,07:05,06:55,-,10분,2026-04-20,토마스(8조)
차주출전,0052906,앙코르,관리사,06:43,06:31,-,12분,2026-04-20,최기홍(20조)
차주출전,0052436,서부댄싱,관리사,09:05,08:47,-,18분,2026-04-20,라이스(31조)
금주출전,0052939,두바이선물,기수,07:08,06:59,-,9분,2026-04-20,안우성(15조)
차주출전,0052917,뉴월드티아라,관리사,08:47,08:23,-,24분,2026-04-20,구민성(10조)
금주출전,0052412,아이엠해피,관리사,06:30,06:13,-,17분,2026-04-20,구영준(6조)
금주출전,0052918,램프요정지니,기수,06:24,06:12,-,12분,2026-04-20,조용배(12조)
금주출전,0052924,딥스프린트,관리사,06:48,06:37,-,11분,2026-04-20,민장기(21조)
차주출전,0052418,석세스골드,관리사,06:25,06:12,-,13분,2026-04-20,양영남(16조)
금주출전,0052930,글로벌원픽,관리사,06:25,06:23,-,2분,2026-04-20,박재호(13조)
차주출전,0052842,데이모스,관리사,06:32,06:14,-,18분,2026-04-20,권승주(33조)
차주출전,0053003,월드빅스캣,관리사,07:38,07:20,-,18분,2026-04-20,방동석(26조)
차주출전,0052822,무적이,관리사,07:18,07:03,-,15분,2026-04-20,권승주(33조)
차주출전,0052812,매직트리,관리사,07:25,07:13,-,12분,2026-04-20,유현명(19조)
차주출전,0061176,카스텔라,관리사,08:24,08:12,-,12분,2026-04-20,이신우(14조)
금주출전,0060717,세상너머로,관리사,06:49,06:41,-,8분,2026-04-20,강환민(31조)
차주출전,0059223,클래식오텀,기수,06:42,06:27,-,15분,2026-04-20,안병기(22조)
차주출전,0060343,마이티초이스,관리사,08:11,07:54,-,17분,2026-04-20,서홍수(24조)
금주출전,0060705,대한퀸,관리사,06:29,06:17,-,12분,2026-04-20,강성오(9조)
차주출전,0061379,그랑파클래식,기수,06:20,06:11,-,9분,2026-04-20,이준철(48조)
차주출전,0061541,마이티헝키,관리사,07:25,06:59,-,26분,2026-04-20,서홍수(24조)
차주출전,0061382,불타오르네,관리사,08:24,08:07,-,17분,2026-04-20,최용건(51조)
금주출전,0060724,그레이고,기수,07:31,07:24,-,7분,2026-04-20,박재우(50조)
금주출전,0060709,파사스파크,기수,06:37,06:27,-,10분,2026-04-20,서홍수(24조)
금주출전,0060707,히든다이아,기수,07:15,07:04,-,11분,2026-04-20,이신우(14조)
차주출전,0060827,마스터아레나,관리사,06:48,06:36,-,12분,2026-04-20,강성오(9조)
차주출전,0060713,드림리메인,관리사,07:06,06:52,-,14분,2026-04-20,박병일(27조)
금주출전,0060711,황금송,기수,06:50,06:40,-,10분,2026-04-20,이동국(17조)
차주출전,0060828,하이마운틴,관리사,08:00,07:46,-,14분,2026-04-20,리카디(34조)
금주출전,0045240,슈어윈,기수,06:21,06:10,-,11분,2026-04-20,토니(30조)
금주출전,0060339,마이웨이보스,기수,06:34,06:22,-,12분,2026-04-20,정호익(10조)
금주출전,0060710,위즈윈,기수,07:24,07:16,-,8분,2026-04-20,전승규(25조)
차주출전,0060799,진격의돌핀,관리사,06:24,06:12,-,12분,2026-04-20,신삼영(41조)
차주출전,0045259,크로마이트,관리사,08:04,07:51,-,13분,2026-04-20,전승규(25조)
차주출전,0060706,바람의기억,기수,06:17,06:12,-,5분,2026-04-20,성상현(20조)
차주출전,0053019,동남석세스,관리사,06:24,06:12,-,12분,2026-04-20,강형곤(2조)
차주출전,0053371,포에버로드,관리사,08:27,08:17,-,10분,2026-04-20,강형곤(2조)
차주출전,0053005,모닝크라운,관리사,08:56,08:36,-,20분,2026-04-20,강은석(22조)
금주출전,0053220,델타포스,관리사,06:26,06:15,-,11분,2026-04-20,민장기(21조)
차주출전,0053356,아유레디,관리사,07:17,07:04,-,13분,2026-04-20,임성실(7조)
차주출전,0053134,케러비언스톰,관리사,07:44,07:29,-,15분,2026-04-20,토마스(8조)
차주출전,0053325,파워풀메니피,관리사,09:09,08:58,-,11분,2026-04-20,문현철(3조)
차주출전,0053113,샤크퀸,관리사,07:53,07:36,-,17분,2026-04-20,권승주(33조)
금주출전,0053201,로드파이터,관리사,07:35,07:24,-,11분,2026-04-20,강은석(22조)
차주출전,0053036,한강브라보,관리사,08:35,08:14,-,21분,2026-04-20,안우성(15조)
차주출전,0053322,파워풀톰,관리사,08:43,08:24,-,19분,2026-04-20,구민성(10조)
차주출전,0053374,도끼타이거,관리사,06:50,06:40,-,10분,2026-04-20,라이스(31조)
차주출전,0053264,닥터스팅,관리사,07:40,07:24,-,16분,2026-04-20,백광열(1조)
차주출전,0053232,슈퍼크라운,관리사,08:35,08:25,-,10분,2026-04-20,문현철(3조)
차주출전,0053328,레지나빈치트,관리사,06:21,06:10,-,11분,2026-04-20,토마스(8조)
차주출전,0053037,보령원로드,관리사,08:01,07:47,-,14분,2026-04-20,김길중(24조)
차주출전,0053190,스카일러지유,관리사,08:55,08:39,-,16분,2026-04-20,문현철(3조)
특별대상경주,0053042,브리도솔,관리사,07:18,07:07,-,11분,2026-04-20,문현철(3조)
차주출전,0053141,킹블랙,관리사,07:20,07:05,-,15분,2026-04-20,토마스(8조)
차주출전,0053237,챔프의전설,관리사,09:09,08:58,-,11분,2026-04-20,문현철(3조)
차주출전,0053100,샤이닝원,관리사,06:21,06:10,-,11분,2026-04-20,양영남(16조)
금주출전,0053116,스피드범프,관리사,07:06,06:55,-,11분,2026-04-20,토마스(8조)
차주출전,0053056,운주매직,관리사,08:02,07:46,-,16분,2026-04-20,권승주(33조)
금주출전,0053363,오케이베이비,기수,06:45,06:36,-,9분,2026-04-20,안우성(15조)
금주출전,0053357,대성골드,관리사,06:31,06:16,-,15분,2026-04-20,구민성(10조)
차주출전,0053156,만세호,관리사,07:37,07:25,-,12분,2026-04-20,하무선(28조)
차주출전,0053030,대지임팩트,관리사,08:02,07:43,-,19분,2026-04-20,김도현(9조)
금주출전,0053251,선데이퀸,관리사,07:14,06:57,-,17분,2026-04-20,강은석(22조)
차주출전,0053075,스트로베리퀸,기수,06:23,06:10,-,13분,2026-04-20,이정표(18조)
차주출전,0053204,플렉스위너,관리사,08:10,07:52,-,18분,2026-04-20,박재호(13조)
차주출전,0053004,미스틱진,관리사,06:54,06:36,-,18분,2026-04-20,강은석(22조)
금주출전,0053379,불빛강자,관리사,07:32,07:20,-,12분,2026-04-20,김길중(24조)
금주출전,0053152,서귀포리스트,기수,06:58,06:48,-,10분,2026-04-20,강형곤(2조)
차주출전,0053195,엑스칼리버,관리사,07:20,07:09,-,11분,2026-04-20,서인석(33조)
금주출전,0053231,에코스타,관리사,08:26,08:15,-,11분,2026-04-20,이준철(48조)
금주출전,0053097,라이징윈드,기수,08:14,07:59,-,15분,2026-04-20,배휴준(29조)
금주출전,0053073,스테핑스톤,기수,07:45,07:30,-,15분,2026-04-20,서인석(33조)
차주출전,0053102,러블리잭팟,기수,06:48,06:36,-,12분,2026-04-20,토니(30조)
금주출전,0053076,라온스나이퍼,기수,07:09,06:56,-,13분,2026-04-20,박종곤(1조)
차주출전,0053229,바람개비,관리사,06:49,06:34,-,15분,2026-04-20,신삼영(41조)
차주출전,0053187,캡마왕,관리사,08:32,08:18,-,14분,2026-04-20,배휴준(29조)
차주출전,0053107,마이티챔프,관리사,08:44,08:28,-,16분,2026-04-20,함완식(28조)
금주출전,0053041,위대한함성,기수,06:31,06:25,-,6분,2026-04-20,이관호(42조)
금주출전,0053108,우마루,관리사,07:28,07:19,-,9분,2026-04-20,김윤섭(32조)
금주출전,0053183,우루스사비아,기수,06:56,06:40,-,16분,2026-04-20,송문길(40조)
차주출전,0053085,만금크라운,기수,08:27,08:12,-,15분,2026-04-20,심승태(37조)
금주출전,0053043,피피짱,기수,07:28,07:19,-,9분,2026-04-20,구자흥(7조)
차주출전,0053128,맥스맨,관리사,06:21,06:10,-,11분,2026-04-20,박재우(50조)
차주출전,0053207,타이거드림,관리사,06:34,06:23,-,11분,2026-04-20,성상현(20조)
금주출전,0053077,라온플레어,관리사,07:21,07:12,-,9분,2026-04-20,박종곤(1조)
금주출전,0053048,누리으뜸,기수,06:46,06:36,-,10분,2026-04-20,홍대유(6조)
차주출전,0053222,아모스스타,관리사,07:26,07:14,-,12분,2026-04-20,최용건(51조)
금주출전,0053136,스파이시제리,기수,06:36,06:25,-,11분,2026-04-20,이신우(14조)
금주출전,0053151,브리도아쿠아,기수,06:19,06:10,-,9분,2026-04-20,정하백(15조)
금주출전,0053143,골드레인,기수,07:38,07:24,-,14분,2026-04-20,안병기(22조)
차주출전,0053214,베스트어베인,관리사,07:27,07:14,-,13분,2026-04-20,함완식(28조)
차주출전,0053213,다나은스타,관리사,08:14,08:03,-,11분,2026-04-20,이준철(48조)
금주출전,0053091,영원한루체아,기수,07:16,07:06,-,10분,2026-04-20,이동국(17조)
금주출전,0053023,블랙선,기수,06:34,06:23,-,11분,2026-04-20,정호익(10조)
금주출전,0053235,스카일러태하,기수,07:11,06:59,-,12분,2026-04-20,정하백(15조)
차주출전,0053198,해피투게더,기수,07:10,06:59,-,11분,2026-04-20,정하백(15조)
금주출전,0053088,베스트피치,기수,06:20,06:11,-,9분,2026-04-20,이관호(42조)
금주출전,0053588,온누리파티,기수,06:23,06:10,-,13분,2026-04-20,김도현(9조)
차주출전,0053497,그랜드라인,관리사,07:22,07:06,-,16분,2026-04-20,권승주(33조)
금주출전,0053636,스위트맨,관리사,06:56,06:48,-,8분,2026-04-20,강형곤(2조)
차주출전,0053560,금아스터닝,관리사,08:59,08:40,-,19분,2026-04-20,이상영(27조)
차주출전,0053549,시에라골드,관리사,08:12,08:03,-,9분,2026-04-20,안우성(15조)
금주출전,0053651,정문파피아노,관리사,07:33,07:17,-,16분,2026-04-20,라이스(31조)
차주출전,0053475,희망단비,관리사,06:25,06:14,-,11분,2026-04-20,구민성(10조)
금주출전,0053448,경복포르토스,관리사,06:44,06:30,-,14분,2026-04-20,김혜선(5조)
차주출전,0053491,골드로저,관리사,07:12,07:01,-,11분,2026-04-20,이정표(18조)
차주출전,0053421,스카이화이트,기수,06:50,06:40,-,10분,2026-04-20,라이스(31조)
금주출전,0053485,베스트타이거,관리사,07:17,07:06,-,11분,2026-04-20,문현철(3조)
특별대상경주,0053394,퍼니와일드,관리사,06:49,06:37,-,12분,2026-04-20,최기홍(20조)
차주출전,0053441,트윈레인보우,관리사,06:50,06:35,-,15분,2026-04-20,라이스(31조)
금주출전,0053512,라이트닝포스,관리사,06:45,06:33,-,12분,2026-04-20,토마스(8조)
차주출전,0053504,닥터크리스,관리사,07:15,06:56,-,19분,2026-04-20,백광열(1조)
금주출전,0053401,노던퀸,관리사,06:22,06:10,-,12분,2026-04-20,라이스(31조)
차주출전,0053403,파초의꿈,관리사,07:34,07:23,-,11분,2026-04-20,이상영(27조)
차주출전,0053434,퀸윈드,관리사,06:27,06:13,-,14분,2026-04-20,구영준(6조)
차주출전,0053445,헤이브라더,관리사,06:25,06:12,-,13분,2026-04-20,권승주(33조)
차주출전,0053508,미스코코,관리사,07:51,07:38,-,13분,2026-04-20,임성실(7조)
차주출전,0053542,닥터펀치,관리사,09:01,08:49,-,12분,2026-04-20,박재호(13조)
금주출전,0053554,챔프의희망,기수,06:48,06:32,-,16분,2026-04-20,강은석(22조)
금주출전,0053581,월드볼드맨,관리사,06:24,06:10,-,14분,2026-04-20,임성실(7조)
차주출전,0053630,인피니트위너,관리사,07:02,06:44,-,18분,2026-04-20,구영준(6조)
금주출전,0053442,태호,관리사,06:49,06:37,-,12분,2026-04-20,권승주(33조)
차주출전,0053662,오아시스스타,관리사,08:13,07:57,-,16분,2026-04-20,백광열(1조)
금주출전,0053635,유림스페셜,관리사,06:46,06:35,-,11분,2026-04-20,임성실(7조)
차주출전,0053585,샤이닝클러치,관리사,07:06,06:57,-,9분,2026-04-20,안우성(15조)
차주출전,0053623,매직미러,관리사,06:31,06:13,-,18분,2026-04-20,김길중(24조)
차주출전,0053546,리스펙팅걸,관리사,07:58,07:46,-,12분,2026-04-20,안우성(15조)
차주출전,0053391,와일드점프,관리사,07:28,07:16,-,12분,2026-04-20,최기홍(20조)
차주출전,0053517,신스타원,관리사,08:10,07:59,-,11분,2026-04-20,문현철(3조)
차주출전,0053595,스타블루,기수,07:08,06:59,-,9분,2026-04-20,안우성(15조)
차주출전,0053531,라스트부활,관리사,07:16,07:00,-,16분,2026-04-20,장세한(17조)
차주출전,0053582,월드이글캣,관리사,08:18,08:01,-,17분,2026-04-20,방동석(26조)
차주출전,0045999,제타마스터,관리사,06:23,06:12,-,11분,2026-04-20,우창구(5조)
차주출전,0045453,블랙머스크,관리사,07:54,07:42,-,12분,2026-04-20,토니(30조)
금주출전,0046104,최강현마,기수,08:08,07:55,-,13분,2026-04-20,박지헌(18조)
차주출전,0045339,파이널축제,관리사,07:06,06:56,-,10분,2026-04-20,임채덕(35조)
금주출전,0045589,검이불루,기수,07:20,07:09,-,11분,2026-04-20,강환민(31조)
금주출전,1412289,대원용마,관리사,07:07,06:55,-,12분,2026-04-20,서인석(33조)
금주출전,0045382,킹다이아,기수,06:44,06:36,-,8분,2026-04-20,이신우(14조)
금주출전,0046342,스페셜타임,관리사,08:30,08:17,-,13분,2026-04-20,박윤규(4조)
특별대상경주,0046086,라온포레스트,기수,08:36,08:23,-,13분,2026-04-20,박종곤(1조)
금주출전,0046387,은빛돌풍,기수,07:26,07:16,-,10분,2026-04-20,조현수(11조)
금주출전,0046598,찬란한불꽃,기수,06:25,06:12,-,13분,2026-04-20,안병기(22조)
금주출전,0045369,베스트선,관리사,07:18,07:05,-,13분,2026-04-20,박천서(54조)
금주출전,0046539,컴플리트스텝,기수,06:37,06:28,-,9분,2026-04-20,이신우(14조)
금주출전,0045734,파워에치드,기수,07:10,06:58,-,12분,2026-04-20,심승태(37조)
차주출전,0046590,송암스카이,관리사,07:38,07:25,-,13분,2026-04-20,박병일(27조)
금주출전,0046547,라파예트,관리사,08:43,08:31,-,12분,2026-04-20,강성오(9조)
금주출전,0046566,다이나믹송,기수,06:47,06:39,-,8분,2026-04-20,구자흥(7조)
차주출전,0045540,드림카드,관리사,06:32,06:12,-,20분,2026-04-20,박병일(27조)
차주출전,0046261,주몽천하,기수,06:20,06:10,-,10분,2026-04-20,강환민(31조)
금주출전,0046206,빅블레드,조교사,06:35,06:27,-,8분,2026-04-20,최봉주(16조)
금주출전,0045283,토호스카이,관리사,06:43,06:33,-,10분,2026-04-20,김동균(52조)
금주출전,0045498,에펠탑,관리사,07:11,07:02,-,9분,2026-04-20,심승태(37조)
금주출전,0046127,달맞이,기수,06:55,06:44,-,11분,2026-04-20,김윤섭(32조)
금주출전,0046281,킹고태양,관리사,07:57,07:44,-,13분,2026-04-20,박지헌(18조)
금주출전,0045476,울트라삭스,기수,07:56,07:46,-,10분,2026-04-20,강성오(9조)
금주출전,0045729,제이에스로드,기수,06:47,06:36,-,11분,2026-04-20,송문길(40조)
차주출전,0053741,소파워풀,관리사,07:19,07:09,-,10분,2026-04-20,강형곤(2조)
금주출전,0053771,판타스틱시티,기수,07:37,07:27,-,10분,2026-04-20,임금만(4조)
차주출전,0053909,아너드칸,관리사,08:34,08:17,-,17분,2026-04-20,강형곤(2조)
금주출전,0053779,킹스킹,기수,06:42,06:32,-,10분,2026-04-20,권승주(33조)
금주출전,0053731,노블윈드,기수,08:40,08:24,-,16분,2026-04-20,라이스(31조)
금주출전,0053954,송골매,관리사,07:37,07:27,-,10분,2026-04-20,임금만(4조)
차주출전,0053832,이지스천마,관리사,08:42,08:31,-,11분,2026-04-20,라이스(31조)
차주출전,0053895,글로벌프린스,관리사,06:37,06:20,-,17분,2026-04-20,이상영(27조)
차주출전,0053791,글로리스데이,관리사,08:16,08:01,-,15분,2026-04-20,조용배(12조)
차주출전,0053729,러블리런,관리사,07:41,07:17,-,24분,2026-04-20,구영준(6조)
차주출전,0053734,벌마의거인,관리사,07:30,07:16,-,14분,2026-04-20,백광열(1조)
금주출전,0053986,리치스카이,관리사,07:34,07:24,-,10분,2026-04-20,강은석(22조)
차주출전,0053929,청춘은자유,관리사,06:26,06:12,-,14분,2026-04-20,토마스(8조)
차주출전,0053987,코어타이거,관리사,08:40,08:27,-,13분,2026-04-20,유현명(19조)
차주출전,0053846,카탈리나마린,관리사,07:23,07:09,-,14분,2026-04-20,양영남(16조)
금주출전,0053848,클러치러너,관리사,07:48,07:31,-,17분,2026-04-20,문현철(3조)
금주출전,0053859,최강치타,관리사,07:12,07:01,-,11분,2026-04-20,강형곤(2조)
금주출전,0053765,닥터헌터,관리사,06:58,06:47,-,11분,2026-04-20,백광열(1조)
차주출전,0053706,동남걸,관리사,06:32,06:21,-,11분,2026-04-20,김혜선(5조)
금주출전,0053787,신흥강타자,관리사,08:38,08:26,-,12분,2026-04-20,조용배(12조)
차주출전,0053864,서귀트러스트,관리사,06:49,06:39,-,10분,2026-04-20,토마스(8조)
차주출전,0053820,언캡쳐드러너,관리사,08:58,08:45,-,13분,2026-04-20,라이스(31조)
차주출전,0053876,필승위너,관리사,06:22,06:10,-,12분,2026-04-20,임성실(7조)
차주출전,0053826,퀸퍼펙트,관리사,06:57,06:46,-,11분,2026-04-20,김혜선(5조)
금주출전,0053973,태평플렉스,기수,06:40,06:30,-,10분,2026-04-20,하무선(28조)
차주출전,0053952,스페이스골드,관리사,08:22,08:05,-,17분,2026-04-20,문현철(3조)
차주출전,0051316,비바참,관리사,06:38,06:28,-,10분,2026-04-20,전승규(25조)
금주출전,0051372,모어댄조크,기수,08:23,08:11,-,12분,2026-04-20,박종곤(1조)
금주출전,0051262,케이엔스톰,기수,08:02,07:51,-,11분,2026-04-20,송문길(40조)
금주출전,0051364,위너글로리,기수,07:58,07:49,-,9분,2026-04-20,최용구(8조)
금주출전,0051384,선더마블,기수,07:23,07:10,-,13분,2026-04-20,우창구(5조)
금주출전,0051218,송당황태자,기수,06:21,06:10,-,11분,2026-04-20,정호익(10조)
차주출전,0051263,사하라칸,관리사,07:48,07:33,-,15분,2026-04-20,성상현(20조)
특별대상경주,0051295,클레어빅뱅,기수,08:17,08:05,-,12분,2026-04-20,송문길(40조)
금주출전,0051407,라라걸,기수,06:23,06:10,-,13분,2026-04-20,최용구(8조)
금주출전,0051322,골드퀸즈,기수,06:56,06:47,-,9분,2026-04-20,이관호(42조)
금주출전,0051147,호세,기수,06:32,06:24,-,8분,2026-04-20,박재우(50조)
금주출전,0051202,블루드래곤,기수,08:06,07:56,-,10분,2026-04-20,이관호(42조)
금주출전,0051334,어퍼핸드,기수,06:55,06:40,-,15분,2026-04-20,서범석(12조)
특별대상경주,0051207,오늘도스마일,기수,07:04,06:56,-,8분,2026-04-20,문병기(21조)
금주출전,0051335,커맨딩리드,관리사,06:36,06:24,-,12분,2026-04-20,서범석(12조)
금주출전,0051332,한마디말도,기수,07:40,07:28,-,12분,2026-04-20,정하백(15조)
금주출전,0051396,스위트송,관리사,08:00,07:43,-,17분,2026-04-20,강성오(9조)
차주출전,0051154,피엔에스액트,기수,07:06,06:54,-,12분,2026-04-20,박천서(54조)
금주출전,0051265,초월마,기수,07:46,07:38,-,8분,2026-04-20,문병기(21조)
차주출전,0051153,베스트조이,관리사,06:20,06:11,-,9분,2026-04-20,강환민(31조)
금주출전,0051253,특급파티,기수,06:31,06:22,-,9분,2026-04-20,서인석(33조)
금주출전,0051386,거센강호,관리사,06:28,06:18,-,10분,2026-04-20,이관호(42조)
차주출전,0051367,최강스피드,관리사,06:18,06:10,-,8분,2026-04-20,전승규(25조)
금주출전,0051220,청룡기운,기수,07:33,07:23,-,10분,2026-04-20,최용건(51조)
차주출전,0054612,클린원,관리사,10:03,09:45,-,18분,2026-04-20,문현철(3조)
차주출전,0054045,로드투넘버원,관리사,07:14,07:03,-,11분,2026-04-20,이정표(18조)
금주출전,0054283,탐라브라보,기수,06:21,06:10,-,11분,2026-04-20,권승주(33조)
차주출전,0054193,벙커버스터,관리사,08:17,08:06,-,11분,2026-04-20,라이스(31조)
차주출전,0054325,이글마인,관리사,09:02,08:46,-,16분,2026-04-20,조용배(12조)
금주출전,0054149,돌풍의중심,기수,08:04,07:50,-,14분,2026-04-20,권승주(33조)
금주출전,0054671,광복의반석,기수,07:34,07:21,-,13분,2026-04-20,김도현(9조)
금주출전,0054052,오아시스해피,관리사,06:31,06:19,-,12분,2026-04-20,백광열(1조)
차주출전,0054096,대길의꿈,관리사,06:27,06:13,-,14분,2026-04-20,구영준(6조)
금주출전,0054209,크리스털물결,기수,06:22,06:10,-,12분,2026-04-20,임성실(7조)
차주출전,0054586,그랜드히어로,관리사,06:47,06:33,-,14분,2026-04-20,구민성(10조)
금주출전,0054101,월드고트,관리사,06:24,06:13,-,11분,2026-04-20,민장기(21조)
차주출전,0054116,서귀블레이드,관리사,08:05,07:53,-,12분,2026-04-20,권승주(33조)
금주출전,0054420,슈퍼히트,관리사,07:25,07:11,-,14분,2026-04-20,방동석(26조)
금주출전,0054585,청양비봉,관리사,06:33,06:23,-,10분,2026-04-20,하무선(28조)
금주출전,0054220,윈나우,관리사,07:43,07:33,-,10분,2026-04-20,문현철(3조)
차주출전,0054219,포트모어,관리사,08:07,07:54,-,13분,2026-04-20,구민성(10조)
차주출전,0054114,희망로기,관리사,06:49,06:38,-,11분,2026-04-20,구민성(10조)
차주출전,0054181,조이오브퀸,관리사,06:25,06:13,-,12분,2026-04-20,안우성(15조)
금주출전,0054228,나이스빅가이,관리사,07:01,06:50,-,11분,2026-04-20,하무선(28조)
금주출전,0054208,리버런,기수,07:30,07:22,-,8분,2026-04-20,임성실(7조)
차주출전,0054385,두바이스타,관리사,09:02,08:45,-,17분,2026-04-20,안우성(15조)
금주출전,0054245,닉스고원,관리사,06:52,06:41,-,11분,2026-04-20,문현철(3조)
차주출전,0054110,황제,관리사,06:22,06:11,-,11분,2026-04-20,라이스(31조)
금주출전,0054140,이십년지기,기수,07:08,06:59,-,9분,2026-04-20,강형곤(2조)
금주출전,0054168,백투더드림,기수,07:59,07:50,-,9분,2026-04-20,임금만(4조)
금주출전,0054603,드래곤리벤저,관리사,06:50,06:40,-,10분,2026-04-20,유현명(19조)
차주출전,0054313,석세스퀸,관리사,06:56,06:42,-,14분,2026-04-20,민장기(21조)
차주출전,1412246,스파크선더,관리사,07:21,07:09,-,12분,2026-04-20,박종곤(1조)
금주출전,1412313,희망밴드,기수,07:00,06:48,-,12분,2026-04-20,이동국(17조)
금주출전,3018074,대지열차,기수,08:00,07:52,-,8분,2026-04-20,강태종(9조)
금주출전,1412301,스파클링,기수,06:21,06:11,-,10분,2026-04-20,서홍수(24조)
금주출전,3018186,육탄왕자,관리사,06:42,06:26,-,16분,2026-04-20,고영덕(13조)
금주출전,3014980,태흥산성,조교사,06:37,06:20,-,17분,2026-04-20,문성호(8조)
금주출전,1412351,불국시대,기수,07:14,07:04,-,10분,2026-04-20,이동국(17조)
차주출전,3018323,미소공원,관리사,06:12,06:03,-,9분,2026-04-20,최기호(7조)
금주출전,3018494,사상최강,기수,06:24,06:11,-,13분,2026-04-20,심도연(4조)
차주출전,3018460,선덕공주,기수,07:50,07:40,-,10분,2026-04-20,문성호(8조)
금주출전,1412243,동진불패,기수,08:09,07:58,-,11분,2026-04-20,박병일(27조)
금주출전,3016416,태왕별,관리사,06:13,06:01,-,12분,2026-04-20,강태종(9조)
금주출전,3016927,힘찬세상,관리사,06:38,06:27,-,11분,2026-04-20,김대연(16조)
차주출전,3018322,덤장파워,기수,07:49,07:36,-,13분,2026-04-20,한상배(14조)
금주출전,3016494,광해청명,기수,06:11,06:04,-,7분,2026-04-20,윤덕상(20조)
금주출전,1412051,퀸아비게일,관리사,06:24,06:10,-,14분,2026-04-20,최봉주(16조)
금주출전,3014894,당대가문,관리사,08:16,07:58,-,18분,2026-04-20,강대은(3조)
차주출전,3018052,일급비상,관리사,07:26,07:14,-,12분,2026-04-20,최기호(7조)
금주출전,3014189,원당봉,관리사,07:40,07:23,-,17분,2026-04-20,이태용(12조)
차주출전,1411620,서머파티,기수,06:24,06:14,-,10분,2026-04-20,이신우(14조)
금주출전,3017000,푸른물결,관리사,07:11,06:59,-,12분,2026-04-20,윤덕상(20조)
금주출전,3018491,더빠르게,관리사,06:52,06:42,-,10분,2026-04-20,한상배(14조)
차주출전,3018471,삼황오제,관리사,06:58,06:48,-,10분,2026-04-20,신경호(17조)
금주출전,3015919,일류어천,관리사,06:45,06:28,-,17분,2026-04-20,김길홍(1조)
금주출전,3014773,새벽바람,조교사,08:29,08:00,-,29분,2026-04-20,이준호(5조)
금주출전,3016744,원동히트,기수,07:21,07:13,-,8분,2026-04-20,김태준(6조)
금주출전,3016259,군자삼락,조교사,07:11,06:57,-,14분,2026-04-20,심도연(4조)
차주출전,1412304,사이클론스타,관리사,06:35,06:22,-,13분,2026-04-20,강환민(31조)
금주출전,1412316,간다고,기수,06:19,06:10,-,9분,2026-04-20,전승규(25조)
금주출전,3018117,천지대장,관리사,06:20,06:11,-,9분,2026-04-20,심도연(4조)
금주출전,1412210,엑설런트탄,기수,06:21,06:10,-,11분,2026-04-20,김동균(52조)
금주출전,1411957,라온파라노마,기수,08:11,08:00,-,11분,2026-04-20,박종곤(1조)
금주출전,1411884,카일리,관리사,08:28,08:18,-,10분,2026-04-20,최용구(8조)
차주출전,3018157,광해왕자,관리사,06:35,06:20,-,15분,2026-04-20,강영진(15조)
차주출전,3017017,유수히어로,관리사,07:57,07:46,-,11분,2026-04-20,이준호(5조)
금주출전,1411893,엠케이리,관리사,06:21,06:12,-,9분,2026-04-20,박재우(50조)
금주출전,3016543,승일교,기수,07:42,07:33,-,9분,2026-04-20,변용호(2조)
차주출전,0055344,오아시스섀클,관리사,09:17,09:06,-,11분,2026-04-20,백광열(1조)
금주출전,0054827,키스더레인,관리사,07:44,07:33,-,11분,2026-04-20,문현철(3조)
차주출전,0055534,금성질주,관리사,09:36,09:20,-,16분,2026-04-20,이상영(27조)
차주출전,0055706,히트더러닝,관리사,08:23,08:07,-,16분,2026-04-20,방동석(26조)
차주출전,0055719,닥터포스,관리사,08:40,08:22,-,18분,2026-04-20,박재호(13조)
차주출전,0056028,투투스페이스,관리사,08:03,07:47,-,16분,2026-04-20,강형곤(2조)
차주출전,0056364,글로벌톱티어,관리사,08:12,07:50,-,22분,2026-04-20,구민성(10조)
차주출전,0054679,프라임록,관리사,08:09,07:53,-,16분,2026-04-20,강은석(22조)
특별대상경주,0054764,에이스하이,관리사,07:35,07:23,-,12분,2026-04-20,하무선(28조)
차주출전,0055526,두바이하트,관리사,07:51,07:35,-,16분,2026-04-20,임성실(7조)
차주출전,0055720,용비엑스,관리사,08:03,07:47,-,16분,2026-04-20,강형곤(2조)
차주출전,0055183,플레임,관리사,07:53,07:39,-,14분,2026-04-20,권승주(33조)
차주출전,0055725,월드라이언맨,관리사,08:19,08:07,-,12분,2026-04-20,임성실(7조)
차주출전,0055121,파워풀인디,관리사,08:38,08:24,-,14분,2026-04-20,김혜선(5조)
차주출전,0055985,희망가을,조교사,08:12,07:50,-,22분,2026-04-20,구민성(10조)
차주출전,0055389,포더빅토리,관리사,10:01,09:41,-,20분,2026-04-20,문현철(3조)
차주출전,0055220,회색질주,관리사,09:36,09:20,-,16분,2026-04-20,이상영(27조)
금주출전,0055027,브리도추추,관리사,07:17,07:06,-,11분,2026-04-20,문현철(3조)
차주출전,0055502,금아거티,관리사,10:04,09:48,-,16분,2026-04-20,이상영(27조)
차주출전,0056419,여수킹파이터,관리사,08:01,07:49,-,12분,2026-04-20,강은석(22조)
차주출전,0055680,인빈서블,관리사,08:40,08:27,-,13분,2026-04-20,유현명(19조)
차주출전,0055633,미스터선샤인,관리사,08:59,08:40,-,19분,2026-04-20,이상영(27조)
차주출전,0055134,송정투데이,관리사,07:18,07:08,-,10분,2026-04-20,유현명(19조)
차주출전,0055602,슈펙스로드,관리사,10:01,09:41,-,20분,2026-04-20,문현철(3조)
차주출전,0055370,티핑포인트,관리사,08:03,07:47,-,16분,2026-04-20,강형곤(2조)
차주출전,0055646,루비공주,관리사,07:54,07:43,-,11분,2026-04-20,장세한(17조)
차주출전,0055365,오아시스타임,관리사,08:07,07:53,-,14분,2026-04-20,백광열(1조)
차주출전,0055600,말리카,관리사,08:02,07:43,-,19분,2026-04-20,김도현(9조)
차주출전,0055589,스피드에지,관리사,08:59,08:47,-,12분,2026-04-20,라이스(31조)
차주출전,0056540,닥터에이트,관리사,08:06,07:54,-,12분,2026-04-20,백광열(1조)
차주출전,0056561,슈펙스니케,관리사,08:54,08:38,-,16분,2026-04-20,문현철(3조)
차주출전,0055963,파인애비뉴,관리사,07:30,07:15,-,15분,2026-04-20,라이스(31조)
차주출전,0055587,프라임제니,관리사,09:36,09:20,-,16분,2026-04-20,이상영(27조)
금주출전,0054767,선재,관리사,06:45,06:34,-,11분,2026-04-20,김도현(9조)
차주출전,0056045,세라프,관리사,07:51,07:35,-,16분,2026-04-20,임성실(7조)
차주출전,0055660,플라이스카이,관리사,08:12,07:50,-,22분,2026-04-20,구민성(10조)
차주출전,0055382,마이럭키데이,관리사,07:59,07:47,-,12분,2026-04-20,토마스(8조)
차주출전,0055124,파워풀워리어,관리사,08:13,07:59,-,14분,2026-04-20,토마스(8조)
차주출전,0055320,해랑루비,관리사,07:32,07:20,-,12분,2026-04-20,김도현(9조)
금주출전,0056565,미팅세인트,관리사,06:20,06:10,-,10분,2026-04-20,강형곤(2조)
차주출전,0055733,대길환호,관리사,08:23,08:10,-,13분,2026-04-20,강은석(22조)
차주출전,0055329,파워풀노던,관리사,08:54,08:38,-,16분,2026-04-20,문현철(3조)
차주출전,0055470,브라보영,관리사,08:12,07:58,-,14분,2026-04-20,민장기(21조)
차주출전,0055339,조지프린스,관리사,08:59,08:40,-,19분,2026-04-20,이상영(27조)
차주출전,0055212,미스팰컨,조교사,08:47,08:24,-,23분,2026-04-20,구민성(10조)
차주출전,0055400,진격의빛,관리사,07:54,07:43,-,11분,2026-04-20,장세한(17조)
차주출전,0055206,하늘명장,관리사,08:02,07:43,-,19분,2026-04-20,김도현(9조)
금주출전,0054800,판타스틱이글,기수,06:19,06:10,-,9분,2026-04-20,토마스(8조)
차주출전,0055488,오아시스왕자,관리사,08:51,08:33,-,18분,2026-04-20,백광열(1조)
차주출전,0054742,나는꿈,관리사,08:30,08:12,-,18분,2026-04-20,라이스(31조)
금주출전,0054743,원대한꿈,관리사,06:24,06:13,-,11분,2026-04-20,구민성(10조)
차주출전,0055943,메이비퀸,관리사,08:37,08:19,-,18분,2026-04-20,토마스(8조)
차주출전,0055469,빅토리타임,관리사,08:12,07:58,-,14분,2026-04-20,민장기(21조)
차주출전,0054674,파격의반석,관리사,06:46,06:36,-,10분,2026-04-20,이정표(18조)
차주출전,0056196,용비천마,관리사,07:32,07:20,-,12분,2026-04-20,김도현(9조)
금주출전,0056265,스마트샤말,기수,06:54,06:43,-,11분,2026-04-20,김도현(9조)
차주출전,0055924,새내다올,관리사,08:30,08:16,-,14분,2026-04-20,강형곤(2조)
차주출전,0055903,닥터무적,관리사,09:47,09:30,-,17분,2026-04-20,백광열(1조)
차주출전,0055197,파워풀케이랜,관리사,08:13,07:59,-,14분,2026-04-20,토마스(8조)
차주출전,0055909,솔내음강,관리사,07:53,07:40,-,13분,2026-04-20,안우성(15조)
차주출전,0055901,오아시스한센,관리사,09:17,09:06,-,11분,2026-04-20,백광열(1조)
차주출전,0055210,선더불릿,관리사,07:59,07:47,-,12분,2026-04-20,토마스(8조)
차주출전,0055363,골든코드,관리사,08:47,08:24,-,23분,2026-04-20,구민성(10조)
차주출전,0056012,닥터파워,관리사,09:16,09:04,-,12분,2026-04-20,백광열(1조)
차주출전,0055869,온리포미,관리사,08:37,08:19,-,18분,2026-04-20,토마스(8조)
차주출전,0055952,서니와일드,관리사,08:26,08:06,-,20분,2026-04-20,문현철(3조)
차주출전,0053378,나올패스,관리사,08:35,08:26,-,9분,2026-04-20,박지헌(18조)
차주출전,0053317,벌교시그니처,관리사,07:19,07:06,-,13분,2026-04-20,홍윤화(13조)
금주출전,0053277,빅토리시크릿,관리사,06:55,06:46,-,9분,2026-04-20,우창구(5조)
차주출전,0053288,블리스스타,관리사,06:45,06:34,-,11분,2026-04-20,서인석(33조)
차주출전,0053260,스마트해성,관리사,06:48,06:32,-,16분,2026-04-20,조현수(11조)
차주출전,0053318,영월사랑,관리사,08:11,08:00,-,11분,2026-04-20,홍윤화(13조)
금주출전,0053334,한화륭,기수,08:12,07:58,-,14분,2026-04-20,최용구(8조)
금주출전,0053345,금성샤이니,기수,07:16,07:08,-,8분,2026-04-20,박재우(50조)
금주출전,0053290,월드베리언스,관리사,06:20,06:11,-,9분,2026-04-20,김동균(52조)
차주출전,0053415,카타리나라,관리사,08:02,07:44,-,18분,2026-04-20,박윤규(4조)
금주출전,0053241,카오스,관리사,07:09,06:58,-,11분,2026-04-20,최용구(8조)
차주출전,0053350,케렌시아,관리사,07:04,06:54,-,10분,2026-04-20,정호익(10조)
금주출전,0053291,창조의아침,관리사,07:05,06:55,-,10분,2026-04-20,김동균(52조)
금주출전,0053276,고주일척,기수,06:34,06:25,-,9분,2026-04-20,함완식(28조)
특별대상경주,0053436,관악산스카이,관리사,06:55,06:44,-,11분,2026-04-20,이준철(48조)
차주출전,0053271,타이거망치,관리사,07:14,07:05,-,9분,2026-04-20,강환민(31조)
차주출전,0053447,하이데이,관리사,06:53,06:39,-,14분,2026-04-20,박지헌(18조)
금주출전,0053284,컴플리트퓨처,관리사,08:00,07:48,-,12분,2026-04-20,강성오(9조)
금주출전,0053270,비트프레시,기수,07:56,07:46,-,10분,2026-04-20,김동균(52조)
금주출전,0053417,에스파이어,기수,06:23,06:10,-,13분,2026-04-20,심승태(37조)
차주출전,0053273,동진비상,관리사,09:04,08:45,-,19분,2026-04-20,배휴준(29조)
금주출전,0053413,역전의히트,관리사,07:10,07:00,-,10분,2026-04-20,심승태(37조)
차주출전,0053272,원더풀삭스,관리사,07:05,06:53,-,12분,2026-04-20,리카디(34조)
금주출전,0053373,영원한솔레오,관리사,07:49,07:38,-,11분,2026-04-20,이동국(17조)
차주출전,0053422,블루리본,관리사,07:26,07:16,-,10분,2026-04-20,이준철(48조)
금주출전,0053418,파이터,기수,08:02,07:51,-,11분,2026-04-20,문병기(21조)
차주출전,0057401,영광의호프,관리사,07:44,07:29,-,15분,2026-04-20,토마스(8조)
차주출전,0057561,판타스틱허니,기수,08:01,07:49,-,12분,2026-04-20,강은석(22조)
차주출전,0060851,차밍보스,관리사,08:58,08:45,-,13분,2026-04-20,라이스(31조)
차주출전,0056631,브이라인,관리사,08:12,07:58,-,14분,2026-04-20,민장기(21조)
금주출전,0057382,바람대로,관리사,07:43,07:28,-,15분,2026-04-20,라이스(31조)
차주출전,0056662,채스칸,관리사,08:23,08:10,-,13분,2026-04-20,강은석(22조)
금주출전,0060852,아처하트,관리사,06:25,06:14,-,11분,2026-04-20,문현철(3조)
차주출전,0061896,PERFUME BOMB_자마,관리사,08:26,08:12,-,14분,2026-04-20,김도현(9조)
차주출전,0057381,폭풍,관리사,08:47,08:24,-,23분,2026-04-20,구민성(10조)
금주출전,0060841,치프블레임,관리사,07:37,07:25,-,12분,2026-04-20,하무선(28조)
차주출전,0057380,타이칸선더,관리사,07:01,06:47,-,14분,2026-04-20,김길중(24조)
차주출전,0056680,신천돌로리스,관리사,08:30,08:16,-,14분,2026-04-20,강형곤(2조)
금주출전,0057334,클러치위너,관리사,07:18,07:07,-,11분,2026-04-20,문현철(3조)
차주출전,0056765,스위트파워,관리사,07:14,07:01,-,13분,2026-04-20,토마스(8조)
차주출전,0060848,필승여제,관리사,06:23,06:10,-,13분,2026-04-20,강은석(22조)
금주출전,0061397,로드투빅보이,관리사,06:42,06:31,-,11분,2026-04-20,구민성(10조)
차주출전,0057281,해피터치,관리사,08:59,08:40,-,19분,2026-04-20,이상영(27조)
금주출전,0057080,나이스파워,관리사,06:23,06:10,-,13분,2026-04-20,김도현(9조)
차주출전,0056785,오아시스퀸,관리사,08:51,08:33,-,18분,2026-04-20,백광열(1조)
차주출전,0057061,더라스트위너,관리사,07:53,07:31,-,22분,2026-04-20,문현철(3조)
차주출전,0056976,영광의크라운,기수,08:23,08:10,-,13분,2026-04-20,강은석(22조)
차주출전,0061910,대풍별,관리사,07:37,07:15,-,22분,2026-04-20,구민성(10조)
차주출전,0057001,판타스틱캡틴,관리사,06:44,06:32,-,12분,2026-04-20,강은석(22조)
차주출전,1411345,블레이징맨,관리사,07:05,06:52,-,13분,2026-04-20,유현명(19조)
차주출전,0061897,퍼펙트라인,관리사,07:31,07:14,-,17분,2026-04-20,라이스(31조)
차주출전,0056569,로널드덕,관리사,06:49,06:29,-,20분,2026-04-20,안우성(15조)
차주출전,0057643,브리도고,관리사,09:23,09:08,-,15분,2026-04-20,문현철(3조)
차주출전,1411502,브리도위저드,관리사,06:27,06:16,-,11분,2026-04-20,문현철(3조)
금주출전,0060821,원라스트마가리타,관리사,07:12,07:00,-,12분,2026-04-20,강형곤(2조)
차주출전,0056571,어메이징월드,관리사,09:28,09:14,-,14분,2026-04-20,안우성(15조)
차주출전,0061860,토함산닌자,관리사,08:51,08:33,-,18분,2026-04-20,백광열(1조)
차주출전,0060885,테이크인디,관리사,08:14,07:54,-,20분,2026-04-20,이상영(27조)
차주출전,0060355,데이지티아라,관리사,06:57,06:46,-,11분,2026-04-20,라이스(31조)
차주출전,0058821,판타스틱치타,관리사,08:17,08:03,-,14분,2026-04-20,유현명(19조)
차주출전,0062076,CIELO GRIS_자마,관리사,09:16,09:04,-,12분,2026-04-20,백광열(1조)
차주출전,0058483,와일드챔프,관리사,07:53,07:35,-,18분,2026-04-20,권승주(33조)
금주출전,0060822,카운트리스윈,관리사,06:47,06:38,-,9분,2026-04-20,임금만(4조)
차주출전,0058201,스마트러너,관리사,08:26,08:12,-,14분,2026-04-20,김도현(9조)
차주출전,0056572,타마쿠즈킹,관리사,06:48,06:36,-,12분,2026-04-20,유현명(19조)
차주출전,0061932,토함산아너,관리사,08:51,08:33,-,18분,2026-04-20,백광열(1조)
금주출전,0060824,스카이윈윈,관리사,06:24,06:11,-,13분,2026-04-20,라이스(31조)
차주출전,0061401,슈펙스월드,관리사,08:35,08:25,-,10분,2026-04-20,문현철(3조)
금주출전,0060857,베가스전투,관리사,06:52,06:41,-,11분,2026-04-20,문현철(3조)
차주출전,0061895,NO FATE_자마,관리사,08:27,08:12,-,15분,2026-04-20,김도현(9조)
차주출전,0060825,미스원더,관리사,08:13,07:54,-,19분,2026-04-20,이상영(27조)
금주출전,3103372,선봉대,기수,06:19,06:06,-,13분,2026-04-20,최기호(7조)
금주출전,3017879,미래왕,관리사,06:27,06:20,-,7분,2026-04-20,이태용(12조)
금주출전,3103290,흑룡시대,기수,06:19,05:59,-,20분,2026-04-20,박병진(18조)
금주출전,3019033,광해군,관리사,07:03,06:50,-,13분,2026-04-20,변용호(2조)
금주출전,3103420,제주보이,기수,07:37,07:28,-,9분,2026-04-20,강대은(3조)
차주출전,3102482,천하군자,조교사,07:33,07:13,-,20분,2026-04-20,심도연(4조)
금주출전,3017958,흥국강타,관리사,07:09,07:00,-,9분,2026-04-20,심도연(4조)
금주출전,3102958,천하비상,관리사,06:44,06:35,-,9분,2026-04-20,이태용(12조)
금주출전,3017464,수사대,조교사,08:25,07:48,-,37분,2026-04-20,박병진(18조)
금주출전,3017660,범나비,관리사,07:42,07:23,-,19분,2026-04-20,강대은(3조)
차주출전,3102645,명품행진,관리사,06:52,06:45,-,7분,2026-04-20,강영진(15조)
차주출전,3102483,신황태자,기수,07:57,07:50,-,7분,2026-04-20,고영덕(13조)
차주출전,3017957,충무공,관리사,07:06,06:49,-,17분,2026-04-20,김대연(16조)
차주출전,3102672,거승보배,기수,06:45,06:36,-,9분,2026-04-20,윤호상(19조)
금주출전,3102752,천비왕자,조교사,08:30,08:12,-,18분,2026-04-20,문성호(8조)
차주출전,3103323,황룡강,관리사,06:29,06:16,-,13분,2026-04-20,박병진(18조)
차주출전,3103257,돌체,관리사,06:31,06:21,-,10분,2026-04-20,최기호(7조)
차주출전,3102587,황금대장,관리사,07:15,06:53,-,22분,2026-04-20,문성호(8조)
금주출전,3103305,영웅퀸,관리사,07:38,07:21,-,17분,2026-04-20,변용호(2조)
금주출전,3103384,전농최고,기수,07:09,07:00,-,9분,2026-04-20,심도연(4조)
차주출전,3018956,히든카드,조교사,07:01,06:41,-,20분,2026-04-20,강영진(15조)
금주출전,3103385,명성스토리,관리사,07:37,07:28,-,9분,2026-04-20,고영덕(13조)
금주출전,3102618,번개제왕,관리사,06:11,06:00,-,11분,2026-04-20,윤호상(19조)
금주출전,3018999,색달미소,기수,06:13,06:02,-,11분,2026-04-20,김태준(6조)
차주출전,3102840,전농미르,관리사,07:05,06:55,-,10분,2026-04-20,박병진(18조)
금주출전,3103409,풀체인지,관리사,06:26,06:05,-,21분,2026-04-20,강대은(3조)
금주출전,3103294,드림매직,관리사,06:15,06:06,-,9분,2026-04-20,고영덕(13조)
금주출전,3103388,우당대목,기수,08:00,07:38,-,22분,2026-04-20,박병진(18조)
금주출전,3102610,비룡신공,관리사,06:21,06:01,-,20분,2026-04-20,김태준(6조)
금주출전,3102455,무주미소,관리사,07:25,07:10,-,15분,2026-04-20,고영덕(13조)
금주출전,3017483,천일수,기수,07:22,07:13,-,9분,2026-04-20,변용호(2조)
금주출전,3017563,웅진신화,관리사,08:03,07:49,-,14분,2026-04-20,강대은(3조)
금주출전,3102526,똘이장군,관리사,07:46,07:39,-,7분,2026-04-20,김길홍(1조)
금주출전,3102688,천하독존,관리사,06:17,06:01,-,16분,2026-04-20,이태용(12조)
차주출전,0042272,블루스카이,관리사,07:13,07:02,-,11분,2026-04-20,이상영(27조)
차주출전,1412318,더노미네이트,관리사,07:09,06:56,-,13분,2026-04-20,권승주(33조)
금주출전,1411887,내편,관리사,07:42,07:27,-,15분,2026-04-20,라이스(31조)
금주출전,1412358,운주위너,관리사,07:05,06:55,-,10분,2026-04-20,권승주(33조)
차주출전,1412365,비트드래곤,관리사,07:49,07:40,-,9분,2026-04-20,유현명(19조)
금주출전,0040903,골든,관리사,06:54,06:41,-,13분,2026-04-20,조용배(12조)
차주출전,0043670,윈드위너,관리사,07:08,06:56,-,12분,2026-04-20,이상영(27조)
차주출전,1412236,한강클래스,관리사,07:41,07:29,-,12분,2026-04-20,김혜선(5조)
금주출전,1412049,캡틴에브리싱,관리사,06:26,06:11,-,15분,2026-04-20,손병직(23조)
차주출전,1412179,브라운팰컨,관리사,07:25,07:16,-,9분,2026-04-20,장세한(17조)
금주출전,0042818,남도일등,관리사,06:23,06:12,-,11분,2026-04-20,조용배(12조)
금주출전,1411561,피노파워,관리사,06:47,06:34,-,13분,2026-04-20,권승주(33조)
금주출전,0047144,세광질주,관리사,06:25,06:10,-,15분,2026-04-20,최용구(8조)
차주출전,0046936,원더풀제트,관리사,08:39,08:29,-,10분,2026-04-20,이준철(48조)
금주출전,0047116,엑스팩터,관리사,06:42,06:31,-,11분,2026-04-20,김동균(52조)
특별대상경주,0047001,크라운함성,기수,06:18,06:12,-,6분,2026-04-20,이관호(42조)
차주출전,0046856,라라케이,관리사,07:35,07:24,-,11분,2026-04-20,송문길(40조)
금주출전,0047192,볼린,기수,06:38,06:26,-,12분,2026-04-20,홍대유(6조)
차주출전,0047041,오송의별,관리사,09:09,08:51,-,18분,2026-04-20,박재우(50조)
차주출전,0046822,신의여제,관리사,08:53,08:41,-,12분,2026-04-20,문병기(21조)
금주출전,0046999,샤크텐,기수,07:41,07:31,-,10분,2026-04-20,박지헌(18조)
차주출전,0046779,화산귀환,관리사,08:28,08:18,-,10분,2026-04-20,박재우(50조)
금주출전,0046872,스터닝서브,관리사,08:02,07:49,-,13분,2026-04-20,서인석(33조)
금주출전,0046818,성실대로,기수,06:33,06:24,-,9분,2026-04-20,심승태(37조)
금주출전,0047186,골드베르크,기수,06:43,06:36,-,7분,2026-04-20,송문길(40조)
금주출전,0047185,러브오마인,기수,07:24,07:16,-,8분,2026-04-20,전승규(25조)
차주출전,0047175,포에틱누비,관리사,06:21,06:10,-,11분,2026-04-20,서인석(33조)
금주출전,0047132,골드시대,관리사,06:20,06:11,-,9분,2026-04-20,리카디(34조)
특별대상경주,0046900,바로다나은,관리사,06:20,06:11,-,9분,2026-04-20,이준철(48조)
금주출전,0047204,블랙스펙터,기수,06:39,06:26,-,13분,2026-04-20,배휴준(29조)
차주출전,0047070,라온티모스,관리사,06:47,06:38,-,9분,2026-04-20,박종곤(1조)
차주출전,0046897,베스트토르,관리사,07:54,07:40,-,14분,2026-04-20,박천서(54조)
금주출전,0046791,럭키파티,기수,06:45,06:39,-,6분,2026-04-20,박재우(50조)
차주출전,0046888,파이널고,관리사,07:09,06:55,-,14분,2026-04-20,김동균(52조)
차주출전,0046979,라온탑플레이,관리사,07:09,06:56,-,13분,2026-04-20,박종곤(1조)
차주출전,0046971,컴플리트브로,관리사,08:32,08:21,-,11분,2026-04-20,강성오(9조)
차주출전,3107910,청풍위너,관리사,06:47,06:32,-,15분,2026-04-20,강태종(9조)
금주출전,3107861,대기산,기수,07:00,06:51,-,9분,2026-04-20,김길홍(1조)
금주출전,3108450,만석황후,기수,06:40,06:20,-,20분,2026-04-20,강태종(9조)
금주출전,3107836,장타백호,조교사,07:05,06:48,-,17분,2026-04-20,강대은(3조)
금주출전,3107868,파워스타,관리사,06:52,06:42,-,10분,2026-04-20,최기호(7조)
차주출전,3107842,이글킹,관리사,06:17,06:07,-,10분,2026-04-20,강영진(15조)
차주출전,3108046,힐링누리,기수,06:19,06:09,-,10분,2026-04-20,고영덕(13조)
금주출전,3108216,최고정점,기수,06:52,06:34,-,18분,2026-04-20,한상배(14조)
차주출전,3107923,타이산,기수,06:29,06:07,-,22분,2026-04-20,이준호(5조)
차주출전,3109130,슈퍼스타,기수,06:15,06:01,-,14분,2026-04-20,김길홍(1조)
금주출전,3107896,기적소리,기수,07:45,07:35,-,10분,2026-04-20,김길홍(1조)
차주출전,3107846,종횡무진,기수,07:15,07:05,-,10분,2026-04-20,고영덕(13조)
금주출전,3107924,색달대로,기수,06:25,06:09,-,16분,2026-04-20,이준호(5조)
차주출전,3107854,한라군자,관리사,06:58,06:40,-,18분,2026-04-20,강영진(15조)
금주출전,3107874,장전고수,관리사,06:07,06:00,-,7분,2026-04-20,김길홍(1조)
차주출전,3108049,목선동,관리사,07:29,07:20,-,9분,2026-04-20,최기호(7조)
금주출전,3107883,격포,관리사,06:37,06:20,-,17분,2026-04-20,문성호(8조)
차주출전,3109374,백호기,기수,08:12,07:51,-,21분,2026-04-20,윤호상(19조)
차주출전,3108669,캐논걸,관리사,06:47,06:31,-,16분,2026-04-20,강대은(3조)
금주출전,3107863,불야성,관리사,07:46,07:35,-,11분,2026-04-20,김길홍(1조)
금주출전,3107913,영웅대정,기수,06:29,06:17,-,12분,2026-04-20,김길홍(1조)
차주출전,3107897,차크라,기수,08:14,07:59,-,15분,2026-04-20,변용호(2조)
금주출전,3108248,해피초원,관리사,06:52,06:36,-,16분,2026-04-20,이태용(12조)
차주출전,3108144,전설마루,기수,06:44,06:34,-,10분,2026-04-20,고영덕(13조)
차주출전,3108141,매직미르,관리사,07:54,07:36,-,18분,2026-04-20,고영덕(13조)
금주출전,3107839,일출봉,기수,06:42,06:24,-,18분,2026-04-20,윤덕상(20조)
차주출전,3108661,용강,기수,07:15,07:05,-,10분,2026-04-20,고영덕(13조)
차주출전,3109370,사군자,기수,07:35,07:07,-,28분,2026-04-20,박병진(18조)
금주출전,3107867,신흥대정,관리사,07:20,07:07,-,13분,2026-04-20,강대은(3조)
금주출전,3107902,세기선물,관리사,07:54,07:36,-,18분,2026-04-20,고영덕(13조)
차주출전,3108062,도르멍오라,조교사,07:16,06:53,-,23분,2026-04-20,문성호(8조)
금주출전,3107919,전설대로,관리사,06:15,06:01,-,14분,2026-04-20,변용호(2조)
차주출전,3109388,장전미래,관리사,07:08,06:51,-,17분,2026-04-20,김길홍(1조)
금주출전,0054210,러빙퍼플,관리사,06:24,06:11,-,13분,2026-04-20,문병기(21조)
금주출전,0054133,세명하이디,기수,07:00,06:49,-,11분,2026-04-20,홍대유(6조)
금주출전,0054199,벌교알라딘,관리사,08:02,07:49,-,13분,2026-04-20,서홍수(24조)
금주출전,0054014,드림릿지,기수,06:24,06:12,-,12분,2026-04-20,박병일(27조)
금주출전,0054225,월드블레임,기수,06:34,06:24,-,10분,2026-04-20,정호익(10조)
차주출전,0053990,퀸즈타이거,기수,07:32,07:21,-,11분,2026-04-20,강환민(31조)
금주출전,0054034,컴플리트하트,기수,07:25,07:12,-,13분,2026-04-20,심승태(37조)
차주출전,0054049,댄싱위즈,관리사,06:23,06:13,-,10분,2026-04-20,홍윤화(13조)
차주출전,0054017,페어스카이즈,관리사,07:28,07:16,-,12분,2026-04-20,김동균(52조)
차주출전,0054137,월스트리트,관리사,06:20,06:10,-,10분,2026-04-20,조현수(11조)
차주출전,0054048,파워군주,기수,07:00,06:50,-,10분,2026-04-20,송문길(40조)
금주출전,0054115,천둥의질주,기수,06:53,06:45,-,8분,2026-04-20,서인석(33조)
차주출전,0054020,티나케이,관리사,07:45,07:33,-,12분,2026-04-20,우창구(5조)
차주출전,0054019,그레이찰리,관리사,08:07,07:56,-,11분,2026-04-20,강성오(9조)
차주출전,0054099,세명크로우,관리사,07:30,07:15,-,15분,2026-04-20,배휴준(29조)
금주출전,0054211,미스틱글로,관리사,08:13,07:59,-,14분,2026-04-20,배휴준(29조)
금주출전,0054129,파사에이스,기수,06:19,06:10,-,9분,2026-04-20,서홍수(24조)
금주출전,0054060,서부위스트,기수,06:20,06:10,-,10분,2026-04-20,서인석(33조)
차주출전,0054042,마이티비트,기수,06:52,06:41,-,11분,2026-04-20,서홍수(24조)
차주출전,0054040,클러치월드,기수,06:39,06:34,-,5분,2026-04-20,리카디(34조)
금주출전,0053989,타이거불패,기수,06:20,06:12,-,8분,2026-04-20,이준철(48조)
차주출전,0054033,선더드림,관리사,06:52,06:42,-,10분,2026-04-20,우창구(5조)
금주출전,0054132,마음하나,기수,06:37,06:25,-,12분,2026-04-20,최용건(51조)
차주출전,0054148,스터닝스피어,관리사,07:04,06:53,-,11분,2026-04-20,김동균(52조)
차주출전,0054214,군주민수,관리사,08:34,08:03,-,31분,2026-04-20,성상현(20조)
금주출전,0054191,로드투퍼펙트,기수,06:22,06:11,-,11분,2026-04-20,정호익(10조)
금주출전,0054056,은빛유혹,기수,08:32,08:17,-,15분,2026-04-20,심승태(37조)
차주출전,3018901,청룡시대,관리사,07:31,07:19,-,12분,2026-04-20,강영진(15조)
금주출전,3101444,라이덴,관리사,08:17,08:08,-,9분,2026-04-20,심도연(4조)
차주출전,3018940,용천호우,관리사,07:33,07:20,-,13분,2026-04-20,강영진(15조)
금주출전,3018865,광명진언,관리사,06:22,06:07,-,15분,2026-04-20,김대연(16조)
금주출전,3018885,황해장사,기수,08:37,08:25,-,12분,2026-04-20,변용호(2조)
금주출전,3018571,전설무적,관리사,06:10,06:03,-,7분,2026-04-20,한상배(14조)
금주출전,3018679,뚜벅이,기수,06:58,06:50,-,8분,2026-04-20,변용호(2조)
금주출전,3102262,오라정월,관리사,07:00,06:44,-,16분,2026-04-20,김태준(6조)
금주출전,3101734,어스칼,기수,08:18,08:08,-,10분,2026-04-20,심도연(4조)
금주출전,3018875,달의강자,관리사,06:32,06:21,-,11분,2026-04-20,한상배(14조)
금주출전,3018576,탐라신화,기수,07:20,07:09,-,11분,2026-04-20,신경호(17조)
금주출전,3102288,매스틱,조교사,06:49,06:42,-,7분,2026-04-20,윤호상(19조)
차주출전,3101437,최고권력,관리사,07:59,07:50,-,9분,2026-04-20,고영덕(13조)
금주출전,3102296,기탄,조교사,07:05,06:54,-,11분,2026-04-20,윤호상(19조)
차주출전,3018850,공간비행,관리사,08:20,08:08,-,12분,2026-04-20,고영덕(13조)
금주출전,3018658,일사만리,기수,06:44,06:35,-,9분,2026-04-20,김길홍(1조)
차주출전,0044496,플라잉더챔프,관리사,06:38,06:21,-,17분,2026-04-20,안우성(15조)
금주출전,3101890,청룡여제,기수,07:26,07:13,-,13분,2026-04-20,문성호(8조)
금주출전,3102292,천문신동,관리사,07:26,07:14,-,12분,2026-04-20,김길홍(1조)
차주출전,3102184,비밀병기,관리사,08:30,08:12,-,18분,2026-04-20,문성호(8조)
금주출전,3101657,봉수대천,기수,07:15,07:04,-,11분,2026-04-20,강대은(3조)
차주출전,3018629,탐라인기,관리사,06:07,06:01,-,6분,2026-04-20,이준호(5조)
금주출전,3102212,최강여제,관리사,06:06,05:59,-,7분,2026-04-20,김길홍(1조)
금주출전,3018909,오라드림,관리사,08:25,08:07,-,18분,2026-04-20,고영덕(13조)
금주출전,3018933,오라태양,기수,06:27,06:15,-,12분,2026-04-20,김태준(6조)
금주출전,3018784,무한공간,조교사,08:04,07:53,-,11분,2026-04-20,문성호(8조)
금주출전,0044570,청호보스,관리사,06:50,06:41,-,9분,2026-04-20,장세한(17조)
금주출전,0042620,스타티세,관리사,09:01,08:46,-,15분,2026-04-20,조용배(12조)
차주출전,3018559,천지대부,관리사,06:48,06:35,-,13분,2026-04-20,김길홍(1조)
금주출전,3102268,비궁,조교사,06:26,06:18,-,8분,2026-04-20,윤호상(19조)
금주출전,3018657,미래제왕,관리사,07:50,07:32,-,18분,2026-04-20,한상배(14조)
금주출전,3101849,양대전설,기수,07:48,07:30,-,18분,2026-04-20,문성호(8조)
금주출전,0052078,실크스펙터,관리사,06:46,06:36,-,10분,2026-04-20,임채덕(35조)
금주출전,0052140,벽송,기수,07:35,07:26,-,9분,2026-04-20,박천서(54조)
차주출전,0052142,프리타임,관리사,07:16,07:04,-,12분,2026-04-20,송문길(40조)
금주출전,0051893,크레이지마리,관리사,06:57,06:38,-,19분,2026-04-20,신삼영(41조)
차주출전,0052144,위고하이,기수,08:01,07:44,-,17분,2026-04-20,문병기(21조)
금주출전,0051875,화랑산정기,기수,07:52,07:40,-,12분,2026-04-20,최봉주(16조)
차주출전,0051941,마천월드,관리사,07:12,06:59,-,13분,2026-04-20,서범석(12조)
차주출전,0051947,거센폭주,관리사,06:22,06:10,-,12분,2026-04-20,이신우(14조)
금주출전,0052118,우승진리,기수,07:30,07:19,-,11분,2026-04-20,박지헌(18조)
금주출전,0051868,남촌서브,관리사,06:32,06:22,-,10분,2026-04-20,우창구(5조)
금주출전,0052103,드래곤킬러,기수,07:03,06:49,-,14분,2026-04-20,강환민(31조)
차주출전,0051866,오피에스탑,관리사,08:29,08:15,-,14분,2026-04-20,최용구(8조)
차주출전,0051896,청룡의칼,기수,07:55,07:44,-,11분,2026-04-20,박지헌(18조)
금주출전,0052417,힐링헤이븐,관리사,06:31,06:21,-,10분,2026-04-20,조현수(11조)
금주출전,0051972,하이크라운,기수,07:21,07:10,-,11분,2026-04-20,우창구(5조)
차주출전,0052422,울트라드래곤,기수,07:14,07:05,-,9분,2026-04-20,강환민(31조)
금주출전,0051861,빌리언보이,기수,07:04,06:53,-,11분,2026-04-20,이동국(17조)
금주출전,0051995,원평리더,관리사,06:52,06:40,-,12분,2026-04-20,박병일(27조)
차주출전,0051859,아모스최강,관리사,07:08,06:57,-,11분,2026-04-20,최용건(51조)
금주출전,0051823,위버멘쉬,기수,07:33,07:23,-,10분,2026-04-20,최용건(51조)
금주출전,0052453,마이티숀,기수,06:34,06:25,-,9분,2026-04-20,함완식(28조)
금주출전,0052087,레드드래곤,기수,08:12,08:01,-,11분,2026-04-20,강환민(31조)
금주출전,0052483,한우리,관리사,06:28,06:18,-,10분,2026-04-20,배휴준(29조)
차주출전,0051857,트리플팔메토,관리사,07:43,07:35,-,8분,2026-04-20,김동균(52조)
금주출전,0046728,로드스타,관리사,06:46,06:38,-,8분,2026-04-20,이정표(18조)
금주출전,0045420,커널플라잉,관리사,06:21,06:17,-,4분,2026-04-20,하무선(28조)
금주출전,0045630,킹애니데이,기수,06:23,06:12,-,11분,2026-04-20,김길중(24조)
금주출전,0046663,서귀오름,기수,07:06,06:57,-,9분,2026-04-20,구영준(6조)
차주출전,0045189,파이어매직,관리사,09:34,09:19,-,15분,2026-04-20,이상영(27조)
금주출전,0045401,삼바스텝,조교사,08:35,08:16,-,19분,2026-04-20,조용배(12조)
금주출전,0046712,원더풀포춘,조교사,06:37,06:27,-,10분,2026-04-20,손병직(23조)
차주출전,0045317,구디,관리사,06:44,06:36,-,8분,2026-04-20,안우성(15조)
차주출전,0046685,운주챌린지,관리사,06:47,06:34,-,13분,2026-04-20,권승주(33조)
특별대상경주,0045966,금아휴즈히트,기수,06:22,06:13,-,9분,2026-04-20,유현명(19조)
금주출전,0045990,바람바람,관리사,06:47,06:36,-,11분,2026-04-20,이상영(27조)
금주출전,0046692,닥터킹덤,관리사,06:42,06:23,-,19분,2026-04-20,백광열(1조)
금주출전,0044888,밀크데이,기수,07:23,07:10,-,13분,2026-04-20,조용배(12조)
특별대상경주,0046172,마가리타,기수,06:19,06:10,-,9분,2026-04-20,토마스(8조)
차주출전,0044851,챔프고,관리사,08:09,07:53,-,16분,2026-04-20,강은석(22조)
금주출전,0045471,카우라인,관리사,06:56,06:45,-,11분,2026-04-20,민장기(21조)
금주출전,0046218,대호나라,관리사,06:49,06:32,-,17분,2026-04-20,강은석(22조)
금주출전,0045807,노던비드,관리사,06:24,06:10,-,14분,2026-04-20,라이스(31조)
금주출전,0045386,맨오브더킹,기수,07:34,07:24,-,10분,2026-04-20,양영남(16조)
금주출전,0046084,테이아,기수,06:58,06:47,-,11분,2026-04-20,구영준(6조)
차주출전,0044647,그랜드선,관리사,07:15,07:04,-,11분,2026-04-20,강은석(22조)
차주출전,0046464,메이드희망,관리사,07:14,07:01,-,13분,2026-04-20,조용배(12조)
금주출전,0046079,무등산,관리사,08:50,08:33,-,17분,2026-04-20,강은석(22조)
금주출전,0045866,월드포인트,관리사,06:44,06:31,-,13분,2026-04-20,방동석(26조)
차주출전,0054421,누리퀸즈,관리사,07:14,06:58,-,16분,2026-04-20,성상현(20조)
금주출전,0054610,브리도시리스,관리사,07:40,07:28,-,12분,2026-04-20,정하백(15조)
차주출전,0054311,화려한유산,관리사,06:39,06:23,-,16분,2026-04-20,성상현(20조)
금주출전,0054476,더선몬스터,기수,07:19,06:59,-,20분,2026-04-20,조현수(11조)
차주출전,0054320,소니케이,관리사,07:37,07:29,-,8분,2026-04-20,송문길(40조)
차주출전,0054543,인스파이어,관리사,06:54,06:46,-,8분,2026-04-20,최용건(51조)
차주출전,0055064,오섬모닝,관리사,07:24,07:13,-,11분,2026-04-20,이준철(48조)
금주출전,0054793,드림아너,기수,06:58,06:47,-,11분,2026-04-20,박병일(27조)
금주출전,0054781,울트라선더,기수,07:40,07:30,-,10분,2026-04-20,리카디(34조)
금주출전,0054384,서울비행,기수,08:21,08:09,-,12분,2026-04-20,이관호(42조)
차주출전,0055090,슈퍼선더,관리사,06:24,06:13,-,11분,2026-04-20,최용건(51조)
차주출전,0054791,플라잉월드,관리사,07:37,07:22,-,15분,2026-04-20,김동균(52조)
금주출전,0054584,럭키조이,관리사,06:54,06:44,-,10분,2026-04-20,박재우(50조)
차주출전,0054788,태풍처럼,관리사,07:31,07:13,-,18분,2026-04-20,우창구(5조)
금주출전,0055102,그레이캔디,관리사,07:28,07:12,-,16분,2026-04-20,박병일(27조)
차주출전,0054790,드리머위즈,관리사,06:22,06:10,-,12분,2026-04-20,박지헌(18조)
차주출전,0054728,파이널케이,관리사,07:50,07:42,-,8분,2026-04-20,우창구(5조)
차주출전,0054328,월드테이오,관리사,07:56,07:47,-,9분,2026-04-20,정하백(15조)
차주출전,0054602,드래곤게이트,관리사,07:56,07:46,-,10분,2026-04-20,이준철(48조)
금주출전,0047062,플라잉더포드,기수,06:45,06:36,-,9분,2026-04-20,안우성(15조)
금주출전,0047183,세광최강,기수,07:19,07:06,-,13분,2026-04-20,이정표(18조)
차주출전,0047177,코이누르,관리사,06:49,06:36,-,13분,2026-04-20,양영남(16조)
차주출전,0047013,국대히어로,관리사,07:07,06:52,-,15분,2026-04-20,권승주(33조)
금주출전,0046831,네버기브업,관리사,08:10,07:59,-,11분,2026-04-20,문현철(3조)
차주출전,0047095,영광의클래스,관리사,08:17,08:02,-,15분,2026-04-20,유현명(19조)
차주출전,0047173,뉴리더,조교사,06:59,06:45,-,14분,2026-04-20,손병직(23조)
차주출전,0047203,배틀크라이,관리사,08:05,07:55,-,10분,2026-04-20,박재호(13조)
차주출전,0046886,로이로이,관리사,07:59,07:38,-,21분,2026-04-20,조용배(12조)
금주출전,0047058,맥스더캣,기수,07:28,07:20,-,8분,2026-04-20,안우성(15조)
차주출전,0047172,팻보이,관리사,06:50,06:36,-,14분,2026-04-20,최기홍(20조)
금주출전,0047307,플라잉에이스,기수,06:40,06:30,-,10분,2026-04-20,김혜선(5조)
차주출전,0047295,아잔타,관리사,06:25,06:12,-,13분,2026-04-20,백광열(1조)
금주출전,0047068,스트라이크존,기수,07:15,07:01,-,14분,2026-04-20,박재호(13조)
차주출전,0047151,승리깃발,관리사,07:40,07:26,-,14분,2026-04-20,조용배(12조)
금주출전,0047129,하늘만점,관리사,06:27,06:10,-,17분,2026-04-20,김도현(9조)
차주출전,0047301,글로리강서,관리사,08:23,08:08,-,15분,2026-04-20,방동석(26조)
금주출전,0047356,라온바이브맨,관리사,07:29,07:20,-,9분,2026-04-20,안우성(15조)
금주출전,0047339,캡틴다이아,관리사,06:55,06:39,-,16분,2026-04-20,권승주(33조)
금주출전,0046933,컬럼비아챔프,관리사,06:44,06:34,-,10분,2026-04-20,권승주(33조)
금주출전,0047364,골든나이스,관리사,06:50,06:39,-,11분,2026-04-20,조용배(12조)
차주출전,0047334,그레이트보이,관리사,07:33,07:21,-,12분,2026-04-20,토마스(8조)
금주출전,0046952,금아디스팅션,관리사,06:30,06:15,-,15분,2026-04-20,문현철(3조)
금주출전,0047359,하늘신화,관리사,06:22,06:11,-,11분,2026-04-20,민장기(21조)
금주출전,0047272,오크리지,관리사,06:40,06:24,-,16분,2026-04-20,박재호(13조)
차주출전,0047362,일념신화,관리사,06:24,06:13,-,11분,2026-04-20,권승주(33조)
금주출전,0047187,상하이선더,관리사,07:32,07:22,-,10분,2026-04-20,민장기(21조)
차주출전,0046827,그레이보스,관리사,07:35,07:19,-,16분,2026-04-20,민장기(21조)
차주출전,0047194,스텔스모드,관리사,06:21,06:10,-,11분,2026-04-20,라이스(31조)
차주출전,0050967,스마트테이크,관리사,07:59,07:48,-,11분,2026-04-20,송문길(40조)
금주출전,0050946,에코월드,기수,06:35,06:25,-,10분,2026-04-20,함완식(28조)
차주출전,0050948,파인핑크,기수,07:56,07:45,-,11분,2026-04-20,전승규(25조)
금주출전,0050963,벌교의스타,기수,06:40,06:26,-,14분,2026-04-20,안병기(22조)
차주출전,0051075,피엔에스뷰티,관리사,08:30,08:17,-,13분,2026-04-20,박윤규(4조)
금주출전,0050962,몬탁선샤인,관리사,07:25,07:11,-,14분,2026-04-20,임채덕(35조)
금주출전,0050852,선더파이어,기수,06:55,06:46,-,9분,2026-04-20,함완식(28조)
차주출전,0051050,피엔에스미트,관리사,06:36,06:22,-,14분,2026-04-20,박윤규(4조)
금주출전,0051106,천궁스톰,관리사,07:08,06:56,-,12분,2026-04-20,최봉주(16조)
금주출전,0050780,예스엔젤,기수,06:46,06:36,-,10분,2026-04-20,박재우(50조)
금주출전,0050800,마이티러브,기수,06:42,06:31,-,11분,2026-04-20,서홍수(24조)
차주출전,0050939,비케이러브,관리사,08:22,08:05,-,17분,2026-04-20,조현수(11조)
차주출전,0050761,타이거케이,관리사,06:41,06:31,-,10분,2026-04-20,송문길(40조)
차주출전,0051112,이클립스탱고,관리사,07:09,06:56,-,13분,2026-04-20,서홍수(24조)
차주출전,0050896,플라잉콩코드,관리사,06:47,06:38,-,9분,2026-04-20,이준철(48조)
특별대상경주,0051084,한센브레이싱,관리사,08:19,08:11,-,8분,2026-04-20,전승규(25조)
차주출전,0050856,뉴카우보이,관리사,06:50,06:42,-,8분,2026-04-20,배휴준(29조)
금주출전,0051116,한강퍼펙트,기수,07:08,06:55,-,13분,2026-04-20,배휴준(29조)
차주출전,0050892,래피드스톰,기수,08:52,08:37,-,15분,2026-04-20,구자흥(7조)
금주출전,0050760,원더풀다르샨,관리사,07:15,07:03,-,12분,2026-04-20,강성오(9조)
차주출전,0051059,마루장군,기수,08:00,07:49,-,11분,2026-04-20,서인석(33조)
금주출전,0050955,더블블레이드,관리사,08:20,08:07,-,13분,2026-04-20,박천서(54조)
차주출전,0051067,피엔에스위너,관리사,07:44,07:32,-,12분,2026-04-20,박윤규(4조)
차주출전,0050785,어플리트런,관리사,06:48,06:34,-,14분,2026-04-20,토니(30조)
차주출전,0051055,황금마스크,관리사,07:57,07:45,-,12분,2026-04-20,심승태(37조)
금주출전,0051072,피엔에스러너,기수,06:36,06:26,-,10분,2026-04-20,박윤규(4조)
차주출전,0051037,그랜드쾌마,관리사,06:58,06:47,-,11분,2026-04-20,송문길(40조)
금주출전,0050895,롯폰기드래곤,기수,06:31,06:22,-,9분,2026-04-20,이준철(48조)
금주출전,0050858,걸작시대,기수,07:53,07:42,-,11분,2026-04-20,박윤규(4조)
차주출전,0051077,피엔에스뷰,관리사,06:21,06:10,-,11분,2026-04-20,박윤규(4조)
금주출전,0050947,스플렌디드,조교사,06:28,06:15,-,13분,2026-04-20,서인석(33조)
차주출전,0047393,서부캡틴,관리사,08:16,08:03,-,13분,2026-04-20,유현명(19조)
금주출전,0047446,브루크킹맨,기수,06:47,06:36,-,11분,2026-04-20,이상영(27조)
차주출전,0050754,원더풀그룸,관리사,06:54,06:39,-,15분,2026-04-20,문현철(3조)
차주출전,0050078,블랙질주,관리사,07:40,07:25,-,15분,2026-04-20,박재호(13조)
