기수1,기수2,동반출전,동반입상,확률%
김성현,김철호,41,1,2.44
김성현,문세영,62,9,14.52
김성현,문정균,52,2,3.85
김성현,박태종,31,1,3.23
김성현,씨씨웡,57,2,3.51
김성현,이혁,72,3,4.17
김성현,임다빈,84,4,4.76
김성현,정정희,87,4,4.6
김성현,조재로,72,7,9.72
김성현,코지,41,1,2.44
김철호,문세영,47,5,10.64
김철호,문정균,36,4,11.11
김철호,박태종,20,0,0.0
김철호,씨씨웡,40,4,10.0
김철호,이혁,53,2,3.77
김철호,임다빈,70,4,5.71
김철호,정정희,60,1,1.67
김철호,조재로,53,3,5.66
김철호,코지,37,0,0.0
문세영,문정균,63,5,7.94
문세영,박태종,42,4,9.52
문세영,씨씨웡,75,7,9.33
문세영,이혁,91,11,12.09
문세영,임다빈,119,15,12.61
문세영,정정희,77,12,15.58
문세영,조재로,89,10,11.24
문세영,코지,45,3,6.67
문정균,박태종,25,1,4.0
문정균,씨씨웡,61,4,6.56
문정균,이혁,56,0,0.0
문정균,임다빈,84,2,2.38
문정균,정정희,74,0,0.0
문정균,조재로,76,6,7.89
문정균,코지,29,1,3.45
박태종,씨씨웡,32,2,6.25
박태종,이혁,36,2,5.56
박태종,임다빈,46,3,6.52
박태종,정정희,42,0,0.0
박태종,조재로,44,2,4.55
박태종,코지,18,0,0.0
씨씨웡,이혁,79,8,10.13
씨씨웡,임다빈,116,10,8.62
씨씨웡,정정희,89,9,10.11
씨씨웡,조재로,113,13,11.5
씨씨웡,코지,55,7,12.73
이혁,임다빈,102,5,4.9
이혁,정정희,107,12,11.21
이혁,조재로,113,7,6.19
이혁,코지,59,6,10.17
임다빈,정정희,123,14,11.38
임다빈,조재로,132,6,4.55
임다빈,코지,69,6,8.7
정정희,조재로,118,10,8.47
정정희,코지,70,6,8.57
조재로,코지,88,12,13.64
김성현,김아현,29,0,0.0
김성현,김옥성,38,1,2.63
김성현,김용근,78,5,6.41
김성현,김효정,86,4,4.65
김성현,빅투아르,73,4,5.48
김성현,장추열,74,4,5.41
김성현,조상범,100,4,4.0
김아현,김옥성,11,0,0.0
김아현,김용근,25,0,0.0
김아현,김효정,42,1,2.38
김아현,빅투아르,26,0,0.0
김아현,임다빈,34,1,2.94
김아현,장추열,34,1,2.94
김아현,조상범,49,0,0.0
김아현,조재로,34,0,0.0
김아현,코지,19,1,5.26
김옥성,김용근,43,2,4.65
김옥성,김효정,54,1,1.85
김옥성,빅투아르,43,4,9.3
김옥성,임다빈,49,3,6.12
김옥성,장추열,49,0,0.0
김옥성,조상범,57,1,1.75
김옥성,조재로,49,2,4.08
김옥성,코지,28,0,0.0
김용근,김효정,115,7,6.09
김용근,빅투아르,97,12,12.37
김용근,임다빈,156,3,1.92
김용근,장추열,130,11,8.46
김용근,조상범,132,5,3.79
김용근,조재로,127,20,15.75
김용근,코지,64,1,1.56
김효정,빅투아르,85,12,14.12
김효정,임다빈,124,5,4.03
김효정,장추열,118,11,9.32
김효정,조상범,136,3,2.21
김효정,조재로,121,17,14.05
김효정,코지,64,5,7.81
빅투아르,임다빈,113,6,5.31
빅투아르,장추열,102,13,12.75
빅투아르,조상범,90,2,2.22
빅투아르,조재로,104,10,9.62
빅투아르,코지,59,9,15.25
임다빈,장추열,137,12,8.76
임다빈,조상범,135,7,5.19
장추열,조상범,133,8,6.02
장추열,조재로,147,13,8.84
장추열,코지,95,10,10.53
조상범,조재로,133,6,4.51
조상범,코지,78,3,3.85
김성현,김태훈,49,0,0.0
김성현,이동하,79,10,12.66
김아현,김태훈,30,1,3.33
김아현,문세영,28,2,7.14
김아현,씨씨웡,32,2,6.25
김아현,이동하,31,0,0.0
김태훈,김효정,87,4,4.6
김태훈,문세영,45,6,13.33
김태훈,빅투아르,50,4,8.0
김태훈,씨씨웡,66,3,4.55
김태훈,이동하,84,5,5.95
김태훈,장추열,87,9,10.34
김태훈,조재로,90,6,6.67
김태훈,코지,59,9,15.25
김효정,문세영,73,8,10.96
김효정,씨씨웡,98,6,6.12
김효정,이동하,123,9,7.32
문세영,빅투아르,60,11,18.33
문세영,이동하,92,16,17.39
문세영,장추열,88,19,21.59
빅투아르,씨씨웡,84,14,16.67
빅투아르,이동하,109,14,12.84
씨씨웡,이동하,106,11,10.38
씨씨웡,장추열,124,15,12.1
이동하,장추열,135,15,11.11
이동하,조재로,125,19,15.2
이동하,코지,59,4,6.78
김옥성,문정균,28,1,3.57
김옥성,박태종,19,0,0.0
김옥성,이혁,40,1,2.5
김옥성,정정희,53,1,1.89
김옥성,조한별,56,2,3.57
김옥성,해리카심,40,1,2.5
문정균,빅투아르,58,1,1.72
문정균,조상범,76,0,0.0
문정균,조한별,74,3,4.05
문정균,해리카심,69,0,0.0
박태종,빅투아르,21,2,9.52
박태종,조상범,44,0,0.0
박태종,조한별,39,0,0.0
박태종,해리카심,27,2,7.41
빅투아르,이혁,78,13,16.67
빅투아르,정정희,106,10,9.43
빅투아르,조한별,94,5,5.32
빅투아르,해리카심,68,3,4.41
이혁,조상범,103,5,4.85
이혁,조한별,115,7,6.09
이혁,해리카심,80,6,7.5
정정희,조상범,131,8,6.11
정정희,조한별,129,7,5.43
정정희,해리카심,91,8,8.79
조상범,조한별,145,4,2.76
조상범,해리카심,98,3,3.06
조재로,조한별,141,10,7.09
조재로,해리카심,84,7,8.33
조한별,코지,61,4,6.56
조한별,해리카심,88,2,2.27
코지,해리카심,45,3,6.67
김용근,마이아,103,13,12.62
김용근,문세영,92,8,8.7
김용근,문정균,71,4,5.63
김용근,이동하,141,18,12.77
김용근,이혁,96,4,4.17
김용근,해리카심,101,4,3.96
마이아,문세영,76,15,19.74
마이아,문정균,44,5,11.36
마이아,빅투아르,74,6,8.11
마이아,이동하,97,10,10.31
마이아,이혁,72,7,9.72
마이아,임다빈,95,9,9.47
마이아,장추열,111,14,12.61
마이아,조상범,92,5,5.43
마이아,해리카심,64,4,6.25
문세영,조상범,82,8,9.76
문세영,해리카심,76,7,9.21
문정균,이동하,72,3,4.17
문정균,장추열,64,2,3.12
이동하,이혁,97,11,11.34
이동하,임다빈,143,11,7.69
이동하,조상범,116,4,3.45
이동하,해리카심,95,9,9.47
이혁,장추열,98,9,9.18
임다빈,해리카심,106,3,2.83
장추열,해리카심,84,9,10.71
김성현,김정준,68,2,2.94
김성현,조한별,76,1,1.32
김용근,김정준,88,8,9.09
김용근,김철호,57,2,3.51
김용근,정정희,124,12,9.68
김용근,조한별,117,3,2.56
김정준,김철호,49,1,2.04
김정준,김효정,103,6,5.83
김정준,빅투아르,76,5,6.58
김정준,임다빈,104,7,6.73
김정준,장추열,117,15,12.82
김정준,정정희,110,7,6.36
김정준,조상범,106,7,6.6
김정준,조한별,119,4,3.36
김철호,김효정,55,2,3.64
김철호,빅투아르,51,3,5.88
김철호,장추열,53,4,7.55
김철호,조상범,56,2,3.57
김철호,조한별,61,1,1.64
김효정,정정희,125,15,12.0
김효정,조한별,135,6,4.44
임다빈,조한별,134,3,2.24
장추열,정정희,120,14,11.67
장추열,조한별,132,8,6.06
김성현,김태희,57,1,1.75
김성현,조인권,40,0,0.0
김태희,빅투아르,63,3,4.76
김태희,씨씨웡,62,5,8.06
김태희,이동하,91,5,5.49
김태희,장추열,84,8,9.52
김태희,정정희,85,4,4.71
김태희,조상범,83,5,6.02
김태희,조인권,45,1,2.22
김태희,조재로,89,8,8.99
김태희,조한별,91,1,1.1
빅투아르,조인권,47,1,2.13
씨씨웡,조상범,89,4,4.49
씨씨웡,조인권,50,4,8.0
씨씨웡,조한별,102,8,7.84
이동하,정정희,129,12,9.3
이동하,조인권,64,0,0.0
이동하,조한별,109,8,7.34
장추열,조인권,66,4,6.06
정정희,조인권,71,7,9.86
조상범,조인권,63,3,4.76
조인권,조재로,58,6,10.34
조인권,조한별,64,5,7.81
김용근,조인권,56,5,8.93
김효정,조인권,54,2,3.7
김효정,해리카심,96,7,7.29
임다빈,조인권,74,2,2.7
조인권,코지,29,1,3.45
조인권,해리카심,53,1,1.89
김용근,김태희,83,7,8.43
김철호,김태희,41,2,4.88
김철호,마이아,44,4,9.09
김철호,이동하,63,4,6.35
김철호,해리카심,46,4,8.7
김태희,마이아,50,1,2.0
김태희,임다빈,79,2,2.53
김태희,해리카심,69,2,2.9
마이아,정정희,84,12,14.29
마이아,조한별,85,6,7.06
김옥성,김태훈,27,0,0.0
김옥성,문세영,29,0,0.0
김옥성,조인권,24,0,0.0
김태훈,이혁,67,4,5.97
김태훈,조상범,91,3,3.3
김태훈,조인권,27,0,0.0
김태훈,조한별,80,2,2.5
문세영,조인권,54,3,5.56
문세영,조한별,77,7,9.09
이혁,조인권,58,3,5.17
김아현,김정준,35,1,2.86
김아현,조인권,17,1,5.88
김아현,조한별,38,0,0.0
김정준,김태훈,60,2,3.33
김정준,씨씨웡,87,6,6.9
김정준,조인권,42,2,4.76
김정준,코지,61,7,11.48
김태훈,임다빈,75,4,5.33
김성현,유승완,67,2,2.99
김옥성,유승완,49,2,4.08
김효정,유승완,104,6,5.77
유승완,장추열,119,6,5.04
유승완,정정희,104,4,3.85
유승완,조상범,113,6,5.31
유승완,조재로,109,6,5.5
유승완,조한별,104,5,4.81
김정준,문세영,55,7,12.73
김정준,박태종,27,0,0.0
김정준,이동하,82,10,12.2
김정준,조재로,100,9,9.0
김태훈,박태종,27,1,3.7
김태훈,정정희,85,4,4.71
박태종,이동하,39,2,5.13
김용근,유승완,120,3,2.5
김철호,유승완,53,1,1.89
김효정,마이아,81,15,18.52
김효정,이혁,94,6,6.38
마이아,유승완,75,9,12.0
문세영,유승완,74,4,5.41
유승완,이동하,113,8,7.08
유승완,이혁,99,7,7.07
유승완,임다빈,118,9,7.63
김태훈,김태희,53,3,5.66
김태훈,오수철,64,0,0.0
김태훈,유승완,70,3,4.29
김태훈,이용호,35,3,8.57
김태훈,해리카심,50,2,4.0
김태희,오수철,61,0,0.0
김태희,유승완,63,1,1.59
김태희,이용호,36,1,2.78
씨씨웡,오수철,54,4,7.41
씨씨웡,유승완,78,5,6.41
씨씨웡,이용호,35,3,8.57
씨씨웡,해리카심,68,3,4.41
오수철,유승완,85,2,2.35
오수철,이동하,75,2,2.67
오수철,이용호,30,1,3.33
오수철,임다빈,65,2,3.08
오수철,정정희,89,3,3.37
오수철,조인권,34,0,0.0
오수철,해리카심,49,0,0.0
유승완,이용호,53,2,3.77
유승완,조인권,49,3,6.12
유승완,해리카심,79,4,5.06
이동하,이용호,46,2,4.35
이용호,임다빈,52,1,1.92
이용호,정정희,50,2,4.0
이용호,조인권,21,0,0.0
이용호,해리카심,33,2,6.06
김혜선,이혁,5,0,0.0
김혜선,정도윤,5,0,0.0
마이아,박재이,6,0,0.0
마이아,서승운,9,1,11.11
마이아,씨씨웡,76,10,13.16
마이아,정도윤,7,0,0.0
마이아,조재로,96,12,12.5
문세영,박재이,5,0,0.0
문세영,서승운,8,1,12.5
문세영,정도윤,6,0,0.0
박재이,씨씨웡,5,0,0.0
박재이,이혁,5,0,0.0
박재이,정도윤,5,0,0.0
박재이,조재로,5,0,0.0
빅투아르,유승완,94,12,12.77
서승운,씨씨웡,9,2,22.22
서승운,유승완,5,0,0.0
서승운,이혁,9,0,0.0
서승운,정도윤,7,2,28.57
서승운,정정희,6,0,0.0
서승운,조재로,13,2,15.38
씨씨웡,정도윤,5,1,20.0
이혁,정도윤,6,0,0.0
정도윤,조재로,7,2,28.57
김정준,문정균,65,1,1.54
김정준,유승완,79,4,5.06
김태훈,문정균,44,1,2.27
김효정,문정균,64,2,3.12
문정균,유승완,61,1,1.64
김정준,김태희,74,0,0.0
김철호,조인권,26,4,15.38
김아현,박태종,17,0,0.0
김아현,오수철,34,0,0.0
김아현,유승완,30,0,0.0
김옥성,씨씨웡,38,3,7.89
김옥성,오수철,37,1,2.7
김용근,박태종,33,1,3.03
김용근,씨씨웡,100,11,11.0
김용근,오수철,64,4,6.25
문세영,오수철,52,1,1.92
박태종,오수철,27,0,0.0
박태종,유승완,29,0,0.0
박태종,장추열,27,2,7.41
오수철,장추열,92,3,3.26
오수철,조재로,79,2,2.53
오수철,코지,53,1,1.89
유승완,코지,55,5,9.09
김정준,마이아,74,12,16.22
김정준,이용호,40,0,0.0
김정준,푸르칸,80,2,2.5
김태훈,마이아,38,3,7.89
김태훈,푸르칸,56,3,5.36
마이아,이용호,36,1,2.78
마이아,코지,49,4,8.16
마이아,푸르칸,65,7,10.77
문세영,이용호,23,0,0.0
문세영,푸르칸,51,6,11.76
문정균,이용호,27,2,7.41
문정균,푸르칸,58,4,6.9
이용호,조재로,55,3,5.45
이용호,조한별,48,2,4.17
이용호,코지,29,0,0.0
이용호,푸르칸,48,2,4.17
임다빈,푸르칸,94,5,5.32
조재로,푸르칸,91,3,3.3
조한별,푸르칸,86,4,4.65
코지,푸르칸,65,6,9.23
김아현,이혁,35,1,2.86
김아현,정정희,36,0,0.0
김옥성,김정준,30,2,6.67
김옥성,김철호,19,0,0.0
김옥성,김태희,37,1,2.7
김옥성,이용호,16,1,6.25
김정준,오수철,72,2,2.78
김철호,오수철,38,1,2.63
김철호,이용호,30,0,0.0
김태희,박태종,26,0,0.0
박태종,이용호,5,0,0.0
오수철,조상범,92,2,2.17
오수철,조한별,96,2,2.08
이용호,조상범,47,2,4.26
김태희,김효정,81,1,1.23
김태희,문정균,55,0,0.0
김태희,이혁,79,2,2.53
김태희,코지,55,5,9.09
김효정,박태종,39,5,12.82
김용근,푸르칸,107,13,12.15
김정준,이혁,96,3,3.12
김태희,푸르칸,63,4,6.35
마이아,박태종,17,2,11.76
박태종,푸르칸,13,0,0.0
이동하,푸르칸,81,4,4.94
이혁,푸르칸,69,2,2.9
조상범,푸르칸,98,3,3.06
김효정,오수철,84,1,1.19
김효정,푸르칸,78,2,2.56
씨씨웡,푸르칸,83,6,7.23
오수철,푸르칸,61,3,4.92
장추열,푸르칸,94,10,10.64
문정균,오수철,49,3,6.12
문정균,조인권,43,3,6.98
정정희,푸르칸,93,4,4.3
조인권,푸르칸,30,4,13.33
김옥성,이동하,51,1,1.96
김옥성,푸르칸,37,0,0.0
김철호,푸르칸,48,4,8.33
김아현,김태희,21,0,0.0
김아현,문정균,26,0,0.0
김용근,이용호,58,1,1.72
오수철,이혁,85,3,3.53
유승완,푸르칸,89,6,6.74
이용호,이혁,39,3,7.69
김아현,마이아,19,0,0.0
김아현,정우주,35,1,2.86
김아현,최범현,12,1,8.33
김옥성,마이아,29,1,3.45
김옥성,정우주,44,2,4.55
김옥성,최범현,22,1,4.55
마이아,정우주,86,4,4.65
마이아,조인권,41,5,12.2
마이아,최범현,55,9,16.36
문세영,정우주,72,9,12.5
문세영,최범현,29,5,17.24
임다빈,정우주,123,8,6.5
임다빈,최범현,86,7,8.14
정우주,조상범,116,2,1.72
정우주,조인권,53,2,3.77
정우주,조한별,128,1,0.78
정우주,최범현,61,3,4.92
조상범,최범현,75,3,4.0
조인권,최범현,37,1,2.7
조한별,최범현,73,2,2.74
김정준,정우주,92,8,8.7
김태희,정우주,80,6,7.5
김효정,정우주,114,5,4.39
오수철,정우주,84,0,0.0
장추열,정우주,111,6,5.41
정우주,정정희,116,10,8.62
정우주,코지,60,5,8.33
김태희,문세영,51,2,3.92
빅투아르,이용호,35,1,2.86
이용호,장추열,52,2,3.85
김용근,정우주,108,4,3.7
씨씨웡,정우주,98,12,12.24
유승완,정우주,101,4,3.96
정우주,푸르칸,70,5,7.14
김용근,다나카,5,0,0.0
김용근,서승운,7,1,14.29
다나카,마이아,8,0,0.0
다나카,문세영,5,0,0.0
다나카,서승운,7,1,14.29
다나카,씨씨웡,7,0,0.0
다나카,이동하,5,0,0.0
다나카,장추열,8,0,0.0
서승운,송경윤,5,0,0.0
서승운,이동하,5,0,0.0
서승운,임다빈,6,2,33.33
서승운,장추열,9,0,0.0
이동하,정우주,100,6,6.0
이혁,정우주,85,5,5.88
이용호,정우주,60,4,6.67
정우주,조재로,114,12,10.53
김성현,푸르칸,54,6,11.11
빅투아르,푸르칸,82,9,10.98
김성현,정우주,79,2,2.53
문정균,정우주,73,4,5.48
빅투아르,정우주,85,11,12.94
정우주,해리카심,84,5,5.95
김성현,오수철,48,0,0.0
김철호,김태훈,48,1,2.08
김철호,정우주,53,2,3.77
김태훈,정우주,68,3,4.41
빅투아르,오수철,64,1,1.56
김성현,마이아,58,2,3.45
김성현,해리카심,73,6,8.22
김용근,김태훈,71,6,8.45
김용근,최범현,67,7,10.45
김태훈,최범현,42,6,14.29
김효정,최범현,57,5,8.77
박태종,정우주,35,1,2.86
박태종,조인권,26,2,7.69
박태종,최범현,16,0,0.0
오수철,최범현,40,1,2.5
이동하,최범현,75,11,14.67
김아현,김철호,21,0,0.0
김아현,해리카심,24,0,0.0
마이아,오수철,61,2,3.28
김철호,최범현,35,0,0.0
김태희,최범현,44,2,4.55
최범현,푸르칸,51,4,7.84
푸르칸,해리카심,66,7,10.61
김동수,마이아,12,1,8.33
김동수,빅투아르,9,1,11.11
김동수,유승완,15,1,6.67
김동수,이동하,14,0,0.0
김동수,장추열,9,1,11.11
김동수,정우주,15,2,13.33
김동수,정정희,11,2,18.18
김동수,조상범,13,1,7.69
김동수,조재로,17,1,5.88
빅투아르,최범현,51,8,15.69
유승완,최범현,53,3,5.66
장추열,최범현,79,10,12.66
정정희,최범현,60,7,11.67
조재로,최범현,71,11,15.49
다나카,조재로,7,0,0.0
이혁,진겸,5,0,0.0
장추열,정도윤,6,0,0.0
장추열,진겸,6,0,0.0
정도윤,진겸,6,1,16.67
조재로,진겸,6,2,33.33
김성현,최범현,34,1,2.94
문정균,최범현,41,5,12.2
최범현,코지,34,8,23.53
김아현,푸르칸,24,0,0.0
김동수,김용근,9,0,0.0
김동수,문정균,8,0,0.0
김동수,씨씨웡,13,0,0.0
김동수,임다빈,14,2,14.29
김동수,조인권,8,0,0.0
김동수,푸르칸,8,1,12.5
김정준,최범현,56,1,1.79
김정준,해리카심,68,2,2.94
이혁,최범현,46,7,15.22
최범현,해리카심,50,5,10.0
김동수,김효정,15,0,0.0
김동수,문세영,12,2,16.67
김동수,박태종,5,0,0.0
김동수,이혁,15,0,0.0
김동수,김성현,12,0,0.0
김동수,해리카심,17,0,0.0
김동수,김태훈,9,0,0.0
김동수,김정준,10,0,0.0
씨씨웡,최범현,52,8,15.38
김동수,조한별,9,0,0.0
서승운,진겸,5,1,20.0
서승운,코지,7,0,0.0
김동수,김철호,9,0,0.0
김동수,코지,5,0,0.0
김용근,송재철,121,5,4.13
김정준,송재철,96,9,9.38
김효정,송재철,103,4,3.88
박태종,송재철,28,0,0.0
송재철,오수철,72,4,5.56
송재철,이혁,86,5,5.81
송재철,장추열,132,6,4.55
송재철,정우주,99,7,7.07
송재철,정정희,107,4,3.74
송재철,조재로,107,9,8.41
김태희,송재철,76,3,3.95
송재철,씨씨웡,91,6,6.59
송재철,이동하,112,6,5.36
송재철,조상범,92,4,4.35
송재철,조인권,39,2,5.13
송재철,조한별,122,6,4.92
김철호,송재철,52,2,3.85
마이아,송재철,88,4,4.55
김성현,송재철,61,4,6.56
문세영,송재철,49,2,4.08
빅투아르,송재철,82,4,4.88
송재철,임다빈,121,4,3.31
송재철,코지,65,5,7.69
송재철,푸르칸,87,6,6.9
송재철,해리카심,75,1,1.33
김태훈,송재철,81,5,6.17
문정균,송재철,57,6,10.53
김동수,송재철,9,0,0.0
김아현,송재철,25,0,0.0
송재철,최범현,71,5,7.04
송재철,유승완,108,5,4.63
송재철,이용호,62,0,0.0
김효정,이용호,48,0,0.0
김아현,이용호,18,0,0.0
김성현,이용호,27,0,0.0
이용호,최범현,27,2,7.41
김옥성,송재철,46,0,0.0
김태희,디에고,6,0,0.0
디에고,마이아,9,1,11.11
디에고,문세영,8,0,0.0
디에고,이혁,14,0,0.0
디에고,정우주,11,0,0.0
디에고,정정희,12,0,0.0
디에고,조상범,12,0,0.0
디에고,조인권,13,1,7.69
디에고,조한별,15,0,0.0
김용근,디에고,8,0,0.0
디에고,씨씨웡,9,2,22.22
디에고,오수철,6,0,0.0
디에고,유승완,10,0,0.0
디에고,이용호,7,0,0.0
디에고,임다빈,12,0,0.0
김성현,임기원,23,0,0.0
김태희,임기원,21,1,4.76
김효정,임기원,36,3,8.33
마이아,임기원,27,5,18.52
이혁,임기원,33,0,0.0
임기원,장추열,41,4,9.76
임기원,정우주,33,3,9.09
임기원,정정희,35,4,11.43
임기원,조상범,44,2,4.55
임기원,해리카심,31,0,0.0
김철호,임기원,23,2,8.7
김태훈,임기원,31,0,0.0
임기원,조재로,48,2,4.17
임기원,조한별,46,2,4.35
임기원,코지,19,1,5.26
김옥성,디에고,6,0,0.0
김옥성,임기원,12,1,8.33
김철호,디에고,5,0,0.0
김태훈,디에고,6,0,0.0
디에고,이동하,12,0,0.0
디에고,임기원,7,0,0.0
이동하,임기원,49,1,2.04
이용호,임기원,20,2,10.0
임기원,임다빈,36,2,5.56
김정준,디에고,9,0,0.0
김효정,디에고,12,0,0.0
디에고,장추열,15,2,13.33
김정준,임기원,28,2,7.14
송재철,임기원,50,2,4.0
씨씨웡,임기원,40,3,7.5
김철호,이상규,12,0,0.0
김태훈,이상규,13,0,0.0
김효정,이상규,20,1,5.0
마이아,이상규,13,1,7.69
이상규,장추열,20,0,0.0
이상규,정우주,15,0,0.0
이상규,조상범,14,0,0.0
김용근,임기원,34,3,8.82
빅투아르,임기원,23,2,8.7
유승완,임기원,35,2,5.71
임기원,최범현,32,4,12.5
디에고,최범현,10,0,0.0
디에고,송재철,12,2,16.67
김용근,이상규,18,0,0.0
김정준,이상규,14,1,7.14
송재철,이상규,24,0,0.0
오수철,이상규,14,0,0.0
이동하,이상규,18,1,5.56
이상규,최범현,12,0,0.0
디에고,해리카심,9,0,0.0
이상규,정정희,23,1,4.35
이상규,임다빈,13,1,7.69
이상규,조인권,7,0,0.0
이상규,조재로,18,0,0.0
이상규,조한별,19,0,0.0
문세영,임기원,22,3,13.64
임기원,푸르칸,29,2,6.9
문정균,임기원,31,3,9.68
문세영,이상규,8,0,0.0
이상규,해리카심,12,0,0.0
임기원,조인권,18,0,0.0
김성현,이상규,15,0,0.0
이상규,이혁,11,0,0.0
김성현,디에고,11,0,0.0
오수철,임기원,17,2,11.76
디에고,이상규,6,0,0.0
김태희,이상규,10,0,0.0
문정균,이상규,12,0,0.0
유승완,이상규,19,0,0.0
이상규,이용호,10,0,0.0
빅투아르,이상규,18,1,5.56
디에고,문정균,5,0,0.0
김효정,우인철,81,3,3.7
김효정,조성환,51,0,0.0
디에고,우인철,10,0,0.0
디에고,조성환,7,0,0.0
송재철,우인철,100,2,2.0
송재철,조성환,69,0,0.0
우인철,유승완,76,6,7.89
우인철,이혁,50,5,10.0
우인철,임다빈,57,6,10.53
우인철,장추열,78,6,7.69
우인철,조성환,68,0,0.0
우인철,조인권,17,1,5.88
우인철,해리카심,61,4,6.56
유승완,조성환,56,2,3.57
이혁,조성환,50,0,0.0
임다빈,조성환,41,2,4.88
장추열,조성환,62,0,0.0
조성환,조인권,10,1,10.0
조성환,해리카심,39,0,0.0
권중석,김아현,17,0,0.0
권중석,김철호,31,2,6.45
권중석,김효정,62,2,3.23
권중석,문세영,13,2,15.38
권중석,박태종,6,0,0.0
권중석,송재철,68,1,1.47
권중석,우인철,71,2,2.82
권중석,이혁,43,2,4.65
권중석,조상범,44,0,0.0
권중석,조한별,64,0,0.0
김아현,우인철,21,2,9.52
김철호,우인철,42,1,2.38
문세영,우인철,14,0,0.0
박태종,우인철,9,1,11.11
우인철,조상범,67,3,4.48
우인철,조한별,80,4,5.0
씨씨웡,이상규,9,0,0.0
이상규,푸르칸,16,1,6.25
권중석,김성현,25,1,4.0
권중석,김옥성,29,0,0.0
권중석,문정균,23,0,0.0
권중석,빅투아르,44,2,4.55
권중석,이동하,45,5,11.11
권중석,이용호,31,2,6.45
권중석,정정희,54,3,5.56
디에고,빅투아르,5,0,0.0
김성현,우인철,41,0,0.0
김정준,우인철,64,6,9.38
씨씨웡,우인철,64,8,12.5
권중석,김용근,45,2,4.44
권중석,씨씨웡,33,3,9.09
권중석,이상규,10,0,0.0
권중석,정우주,43,1,2.33
김용근,우인철,74,6,8.11
빅투아르,우인철,65,4,6.15
우인철,이상규,19,0,0.0
우인철,정우주,60,5,8.33
권중석,임기원,23,0,0.0
권중석,장추열,51,2,3.92
권중석,조재로,56,7,12.5
권중석,최범현,32,4,12.5
권중석,해리카심,37,2,5.41
김옥성,우인철,25,0,0.0
박태종,임기원,9,1,11.11
우인철,이동하,66,8,12.12
우인철,임기원,43,0,0.0
우인철,조재로,74,10,13.51
우인철,최범현,48,5,10.42
마이아,우인철,54,6,11.11
문정균,우인철,41,0,0.0
우인철,정정희,75,6,8.0
우인철,푸르칸,74,3,4.05
김성현,조성환,39,0,0.0
문정균,조성환,30,0,0.0
이상규,조성환,15,0,0.0
정우주,조성환,52,1,1.92
조성환,조한별,75,0,0.0
조성환,푸르칸,56,1,1.79
우인철,이용호,42,2,4.76
김아현,임기원,11,0,0.0
김아현,조성환,21,0,0.0
김용근,조성환,59,0,0.0
김철호,조성환,33,1,3.03
마이아,조성환,31,2,6.45
문세영,조성환,11,0,0.0
이동하,조성환,45,0,0.0
임기원,조성환,29,2,6.9
오수철,우인철,47,4,8.51
권중석,오수철,46,0,0.0
권중석,임다빈,34,1,2.94
권중석,푸르칸,44,0,0.0
권중석,김태희,34,2,5.88
권중석,마이아,22,2,9.09
김태훈,우인철,51,4,7.84
김태훈,조성환,41,0,0.0
씨씨웡,조성환,33,1,3.03
조성환,조재로,67,1,1.49
조성환,최범현,34,4,11.76
권중석,김태훈,40,2,5.0
권중석,유승완,55,4,7.27
권중석,조인권,7,0,0.0
권중석,조성환,59,1,1.69
김옥성,조성환,25,2,8.0
김태희,우인철,45,0,0.0
김태희,조성환,43,1,2.33
빅투아르,조성환,49,0,0.0
정정희,조성환,56,1,1.79
김아현,루이스,10,0,0.0
김용근,루이스,48,5,10.42
루이스,마이아,29,3,10.34
루이스,이동하,52,1,1.92
루이스,이용호,25,1,4.0
루이스,임다빈,32,1,3.12
루이스,정정희,43,2,4.65
루이스,조상범,34,0,0.0
루이스,조성환,34,0,0.0
루이스,조재로,55,3,5.45
이용호,조성환,39,0,0.0
조상범,조성환,56,0,0.0
김태훈,루이스,23,1,4.35
김태희,루이스,28,0,0.0
루이스,빅투아르,44,5,11.36
루이스,송재철,47,3,6.38
루이스,이혁,30,2,6.67
루이스,조한별,50,5,10.0
김효정,루이스,48,4,8.33
루이스,문세영,7,0,0.0
루이스,정우주,28,2,7.14
루이스,푸르칸,27,1,3.7
오수철,조성환,42,1,2.38
권중석,김정준,42,0,0.0
김성현,루이스,21,1,4.76
김정준,루이스,40,0,0.0
루이스,우인철,51,2,3.92
루이스,유승완,39,0,0.0
루이스,임기원,23,1,4.35
루이스,최범현,29,4,13.79
루이스,문정균,25,1,4.0
루이스,오수철,33,3,9.09
권중석,루이스,36,3,8.33
루이스,씨씨웡,36,3,8.33
김철호,루이스,21,1,4.76
루이스,해리카심,22,0,0.0
루이스,장추열,43,3,6.98
루이스,조인권,9,0,0.0
김옥성,루이스,18,0,0.0
김정준,조성환,48,0,0.0
루이스,이상규,14,1,7.14
우인철,코지,41,7,17.07
조성환,코지,35,0,0.0
권중석,코지,28,1,3.57
루이스,코지,19,2,10.53
김용근,김태현,7,0,0.0
김정준,김태현,8,0,0.0
김태현,김효정,6,0,0.0
김태현,씨씨웡,5,0,0.0
김태현,조성환,7,0,0.0
김태현,조한별,10,0,0.0
김태현,푸르칸,6,0,0.0
권중석,김태현,8,0,0.0
김태현,오수철,5,0,0.0
김태현,우인철,9,0,0.0
김태현,정우주,5,0,0.0
김태현,최범현,5,0,0.0
김태현,김태희,6,0,0.0
김태현,조재로,7,0,0.0
김태현,장추열,7,0,0.0
김태현,정정희,6,0,0.0
김태현,조상범,10,0,0.0
김태현,유승완,5,1,20.0
김태현,이혁,6,0,0.0
