기수,마방,기승횟수,입상횟수,입상률%
조재로,안해양,6,1,16.67
김성현,박윤규,8,1,12.5
문세영,이신우,3,2,66.67
씨씨웡,문병기,15,6,40.0
정정희,김동철,32,12,37.5
김철호,최용건,31,8,25.81
문정균,손영표,25,3,12.0
박태종,최봉주,37,8,21.62
임다빈,정호익,125,35,28.0
이혁,서범석,12,2,16.67
코지,안병기,37,14,37.84
코지,박재우,21,7,33.33
빅투아르,함완식,4,2,50.0
조재로,서인석,131,51,38.93
장추열,우창구,37,16,43.24
김옥성,홍대유,35,5,14.29
김용근,송문길,8,1,12.5
김아현,신삼영,12,0,0.0
김성현,김윤섭,18,3,16.67
김효정,안병기,4,0,0.0
조상범,홍대유,10,1,10.0
임다빈,최용구,5,0,0.0
장추열,이신우,17,6,35.29
문세영,김동철,12,9,75.0
김태훈,토니,55,22,40.0
코지,함완식,14,2,14.29
김성현,이관호,16,2,12.5
씨씨웡,박종곤,3,1,33.33
김효정,최봉주,38,10,26.32
이동하,강성오,27,8,29.63
빅투아르,서홍수,5,1,20.0
조재로,최영주,15,4,26.67
김옥성,박병일,10,3,30.0
조한별,이신우,37,13,35.14
이혁,박지헌,31,14,45.16
박태종,서범석,25,4,16.0
조상범,김동균,26,8,30.77
코지,박윤규,5,0,0.0
문정균,최봉주,10,0,0.0
해리카심,홍대유,13,1,7.69
김용근,서인석,28,10,35.71
마이아,박병일,6,4,66.67
조상범,구자흥,11,4,36.36
장추열,홍대유,9,4,44.44
해리카심,강성오,4,2,50.0
이동하,서홍수,40,15,37.5
빅투아르,이관호,23,6,26.09
김효정,서홍수,30,10,33.33
김철호,전승규,5,1,20.0
김용근,강성오,56,16,28.57
김성현,토니,3,0,0.0
조한별,유재길,6,0,0.0
조상범,유재길,11,1,9.09
김정준,박병일,42,17,40.48
이동하,박종곤,19,7,36.84
장추열,이관호,28,9,32.14
김태희,박윤규,40,7,17.5
정정희,리카디,94,42,44.68
조인권,박지헌,12,3,25.0
조한별,김윤섭,22,4,18.18
김효정,문병기,27,11,40.74
해리카심,박윤규,38,13,34.21
조재로,이준철,10,6,60.0
김용근,김동균,33,10,30.3
이동하,박병일,16,6,37.5
조인권,김동균,14,3,21.43
조상범,강성오,14,3,21.43
정정희,최용건,42,16,38.1
장추열,문병기,26,20,76.92
김용근,박윤규,17,7,41.18
임다빈,최영주,7,4,57.14
빅투아르,이준철,52,27,51.92
조한별,박재우,28,4,14.29
이동하,전승규,28,13,46.43
김철호,곽영효,4,0,0.0
해리카심,강환민,27,8,29.63
임다빈,문병기,11,8,72.73
장추열,이준철,14,7,50.0
문세영,최용건,11,6,54.55
이혁,강성오,28,11,39.29
조상범,손영표,6,0,0.0
김옥성,임채덕,6,0,0.0
김성현,조현수,7,0,0.0
김태훈,심승태,38,7,18.42
조상범,리카디,12,8,66.67
김아현,김동철,3,0,0.0
조인권,박윤규,3,1,33.33
유승완,송문길,29,11,37.93
조한별,임채덕,33,9,27.27
김옥성,심승태,22,5,22.73
장추열,박지헌,17,5,29.41
김성현,유재길,10,0,0.0
조상범,배휴준,13,0,0.0
문세영,박지헌,25,11,44.0
임다빈,이동국,7,0,0.0
조상범,최봉주,23,5,21.74
정정희,이관호,11,4,36.36
김태훈,구자흥,8,1,12.5
문세영,문병기,20,11,55.0
이혁,최용구,4,1,25.0
임다빈,함완식,3,1,33.33
조상범,이관호,16,2,12.5
이동하,김윤섭,9,4,44.44
김철호,최영주,9,1,11.11
유승완,홍대유,11,1,9.09
해리카심,서홍수,15,5,33.33
이용호,문병기,17,5,29.41
씨씨웡,서범석,31,11,35.48
김태희,최용구,8,1,12.5
유승완,서인석,15,4,26.67
오수철,안해양,4,0,0.0
김혜선,방동석,3,1,33.33
마이아,서인석,19,11,57.89
이혁,서인석,3,1,33.33
유승완,김동균,13,3,23.08
빅투아르,토니,9,3,33.33
문세영,송문길,20,11,55.0
씨씨웡,서홍수,6,3,50.0
씨씨웡,강성오,5,3,60.0
빅투아르,문병기,63,32,50.79
김성현,홍대유,7,3,42.86
김효정,박윤규,31,7,22.58
유승완,강환민,14,1,7.14
문정균,이관호,9,1,11.11
조상범,박지헌,30,7,23.33
김용근,이준철,45,26,57.78
김태희,홍대유,32,8,25.0
장추열,서인석,14,3,21.43
조상범,조현수,5,0,0.0
김철호,강성오,15,4,26.67
김성현,심승태,3,0,0.0
조한별,강환민,12,3,25.0
임다빈,구자흥,17,8,47.06
씨씨웡,최용건,25,16,64.0
장추열,정호익,34,12,35.29
유승완,박재우,17,2,11.76
오수철,손영표,24,1,4.17
박태종,홍대유,8,1,12.5
김아현,서홍수,16,0,0.0
푸르칸,이신우,17,7,41.18
임다빈,박지헌,24,4,16.67
조한별,신삼영,47,5,10.64
조재로,김동철,46,18,39.13
문정균,곽영효,3,1,33.33
문세영,이관호,26,11,42.31
김태훈,함완식,14,4,28.57
조인권,최용구,9,2,22.22
김효정,우창구,11,4,36.36
이혁,강환민,17,4,23.53
김옥성,문병기,3,1,33.33
씨씨웡,전승규,29,16,55.17
김정준,송문길,77,27,35.06
김태희,신삼영,39,8,20.51
이용호,서인석,22,6,27.27
조상범,심승태,35,6,17.14
박태종,우창구,3,0,0.0
이동하,김동균,4,1,25.0
문정균,정호익,6,0,0.0
이혁,홍대유,51,21,41.18
푸르칸,조현수,21,11,52.38
마이아,김동균,19,10,52.63
조한별,강성오,9,4,44.44
문세영,우창구,4,2,50.0
푸르칸,함완식,5,0,0.0
조재로,박윤규,5,0,0.0
오수철,최용건,17,3,17.65
김효정,박재우,21,5,23.81
장추열,송문길,6,1,16.67
정정희,토니,9,5,55.56
조상범,이신우,30,3,10.0
푸르칸,이동국,3,1,33.33
오수철,조현수,3,0,0.0
문정균,이준철,16,4,25.0
김정준,이신우,52,17,32.69
푸르칸,리카디,24,16,66.67
문정균,박병일,17,3,17.65
김정준,박종곤,11,3,27.27
씨씨웡,송문길,4,3,75.0
이동하,함완식,7,6,85.71
김태희,서홍수,31,11,35.48
김정준,이동국,5,0,0.0
유승완,이준철,14,11,78.57
김아현,안병기,5,0,0.0
김용근,홍대유,21,9,42.86
푸르칸,서홍수,13,4,30.77
이혁,이관호,9,0,0.0
임다빈,이신우,11,0,0.0
김태희,최영주,8,0,0.0
김정준,심승태,27,6,22.22
이용호,조현수,13,1,7.69
이동하,강환민,9,0,0.0
김아현,구자흥,19,0,0.0
문세영,최용구,7,3,42.86
조상범,서범석,21,3,14.29
김효정,리카디,35,19,54.29
코지,전승규,10,5,50.0
조인권,안해양,4,0,0.0
정우주,안해양,6,0,0.0
오수철,유재길,9,0,0.0
장추열,박재우,27,12,44.44
이동하,문병기,35,14,40.0
김용근,강환민,11,5,45.45
김태희,서인석,11,0,0.0
푸르칸,이관호,10,2,20.0
정우주,박종곤,19,7,36.84
마이아,리카디,3,1,33.33
송경윤,강은석,3,0,0.0
다나카,라이스,6,0,0.0
씨씨웡,최봉주,4,1,25.0
이혁,정호익,10,3,30.0
유승완,박지헌,29,7,24.14
빅투아르,서인석,12,5,41.67
김성현,구자흥,25,1,4.0
푸르칸,안병기,5,0,0.0
이혁,전승규,21,5,23.81
문세영,심승태,3,1,33.33
문정균,유재길,7,2,28.57
정정희,서인석,43,8,18.6
김성현,서인석,3,1,33.33
정우주,최용건,8,3,37.5
김옥성,전승규,16,2,12.5
김효정,송문길,14,5,35.71
이동하,이준철,4,2,50.0
조상범,박병일,4,0,0.0
김성현,함완식,10,6,60.0
조한별,김동철,5,0,0.0
이혁,심승태,5,0,0.0
정우주,이신우,29,8,27.59
정우주,강환민,15,4,26.67
문정균,최영주,14,3,21.43
김태훈,배휴준,25,2,8.0
오수철,김윤섭,50,13,26.0
마이아,박윤규,20,11,55.0
씨씨웡,우창구,6,1,16.67
김용근,조현수,10,1,10.0
조상범,박재우,21,2,9.52
이동하,홍대유,23,10,43.48
문세영,박재우,12,5,41.67
이혁,김동균,10,3,30.0
빅투아르,강성오,8,1,12.5
오수철,안병기,23,5,21.74
정우주,최영주,14,6,42.86
씨씨웡,김동균,10,4,40.0
김성현,안병기,3,0,0.0
김태희,안해양,8,0,0.0
문세영,안병기,11,6,54.55
마이아,김윤섭,13,5,38.46
이혁,박재우,5,0,0.0
정우주,우창구,24,11,45.83
최범현,박종곤,34,15,44.12
김효정,강성오,36,3,8.33
임다빈,우창구,3,1,33.33
푸르칸,서인석,6,0,0.0
임다빈,이관호,20,9,45.0
김철호,임채덕,68,18,26.47
이동하,유재길,3,1,33.33
해리카심,함완식,18,6,33.33
김태훈,손영표,4,1,25.0
김성현,강환민,12,2,16.67
조인권,홍대유,13,2,15.38
김용근,함완식,16,4,25.0
김효정,홍대유,6,0,0.0
조한별,이관호,20,6,30.0
오수철,정호익,5,1,20.0
오수철,배휴준,30,3,10.0
임다빈,안병기,3,0,0.0
최범현,박지헌,25,12,48.0
마이아,강환민,9,5,55.56
마이아,문병기,24,13,54.17
김태훈,리카디,4,0,0.0
임다빈,강성오,15,9,60.0
박태종,조현수,3,0,0.0
조인권,함완식,20,5,25.0
김성현,강성오,3,1,33.33
오수철,최용구,3,1,33.33
문세영,안해양,7,5,71.43
장추열,최용건,11,5,45.45
오수철,이동국,22,1,4.55
김성현,최봉주,3,0,0.0
문세영,서홍수,23,13,56.52
이혁,이신우,8,3,37.5
정우주,서범석,12,3,25.0
조인권,이동국,4,0,0.0
빅투아르,리카디,39,19,48.72
정우주,박재우,5,0,0.0
조인권,정호익,53,19,35.85
해리카심,최영주,7,0,0.0
임다빈,신삼영,9,1,11.11
정정희,배휴준,3,0,0.0
정우주,김윤섭,16,5,31.25
최범현,이준철,10,7,70.0
김동수,김동균,28,6,21.43
최범현,문병기,14,9,64.29
정우주,이관호,48,11,22.92
조한별,안병기,3,0,0.0
조상범,박종곤,15,3,20.0
조재로,박종곤,38,26,68.42
김효정,전승규,8,2,25.0
오수철,임채덕,13,0,0.0
임다빈,홍대유,17,9,52.94
정정희,이신우,11,3,27.27
푸르칸,강환민,39,9,23.08
마이아,서범석,18,7,38.89
이동하,이관호,4,1,25.0
장추열,최영주,6,0,0.0
푸르칸,토니,6,1,16.67
유승완,조현수,18,7,38.89
마이아,최용구,6,2,33.33
코지,박병일,4,2,50.0
김효정,토니,8,3,37.5
김태희,함완식,3,0,0.0
유승완,이관호,21,2,9.52
조인권,이준철,4,1,25.0
푸르칸,최봉주,12,1,8.33
장추열,최용구,13,6,46.15
조재로,이관호,34,17,50.0
임다빈,안해양,4,0,0.0
이동하,김동철,3,1,33.33
김효정,최용구,14,6,42.86
씨씨웡,홍대유,5,4,80.0
마이아,배휴준,5,3,60.0
유승완,함완식,7,1,14.29
정우주,박윤규,9,1,11.11
씨씨웡,안병기,55,23,41.82
김성현,서범석,12,2,16.67
조한별,박윤규,8,2,25.0
정정희,전승규,18,9,50.0
조재로,배휴준,17,6,35.29
푸르칸,강성오,5,0,0.0
임다빈,박윤규,6,1,16.67
서승운,함완식,3,2,66.67
조한별,최용구,19,9,47.37
장추열,김동균,21,13,61.9
이혁,손영표,10,0,0.0
푸르칸,문병기,14,3,21.43
김정준,서범석,3,0,0.0
최범현,심승태,15,6,40.0
씨씨웡,이관호,7,3,42.86
임다빈,강환민,17,4,23.53
정우주,심승태,26,7,26.92
김옥성,이신우,7,0,0.0
이혁,최영주,9,4,44.44
해리카심,신삼영,17,3,17.65
박태종,유재길,4,1,25.0
이동하,서인석,16,1,6.25
유승완,김윤섭,29,6,20.69
빅투아르,배휴준,3,1,33.33
김태희,구자흥,10,1,10.0
김성현,이동국,6,1,16.67
정정희,안병기,32,13,40.62
푸르칸,임채덕,9,1,11.11
김태훈,서인석,26,5,19.23
이혁,신삼영,6,1,16.67
조상범,임채덕,17,2,11.76
김아현,김동균,7,1,14.29
문정균,홍대유,36,9,25.0
해리카심,정호익,7,0,0.0
코지,최용건,4,1,25.0
김성현,최용건,6,5,83.33
푸르칸,김동균,16,7,43.75
이혁,우창구,3,0,0.0
이동하,최용건,14,11,78.57
마이아,안병기,19,9,47.37
박태종,김동철,3,0,0.0
문세영,이준철,5,3,60.0
해리카심,박재우,17,2,11.76
조한별,조현수,40,1,2.5
해리카심,토니,8,2,25.0
정우주,송문길,6,3,50.0
김아현,박종곤,4,1,25.0
이혁,토니,5,0,0.0
김아현,최영주,8,5,62.5
김성현,최용구,6,1,16.67
조인권,최봉주,4,0,0.0
문정균,김동균,39,11,28.21
김성현,박종곤,22,10,45.45
오수철,신삼영,3,0,0.0
김태희,이동국,12,2,16.67
김정준,최용건,7,1,14.29
조상범,문병기,6,2,33.33
김효정,조현수,8,2,25.0
조한별,손영표,6,0,0.0
씨씨웡,정호익,11,3,27.27
임다빈,김윤섭,10,2,20.0
최범현,조현수,12,5,41.67
임다빈,최봉주,4,0,0.0
정도윤,김길중,3,2,66.67
임다빈,서범석,4,1,25.0
이혁,함완식,6,2,33.33
김철호,서범석,9,2,22.22
김정준,임채덕,5,0,0.0
조상범,우창구,7,1,14.29
김태훈,강성오,6,4,66.67
유승완,배휴준,22,1,4.55
문세영,김동균,5,1,20.0
이동하,송문길,44,20,45.45
김동수,전승규,5,2,40.0
김성현,서홍수,4,0,0.0
최범현,최봉주,13,5,38.46
김정준,이관호,15,7,46.67
조인권,박병일,4,1,25.0
임다빈,박재우,7,1,14.29
해리카심,서범석,5,3,60.0
푸르칸,구자흥,3,0,0.0
문세영,이동국,15,10,66.67
임다빈,심승태,12,1,8.33
장추열,강성오,12,5,41.67
해리카심,최용구,6,3,50.0
문세영,강성오,3,3,100.0
씨씨웡,이준철,7,4,57.14
최범현,함완식,38,14,36.84
최범현,박재우,3,1,33.33
김정준,최영주,10,3,30.0
마이아,정호익,41,22,53.66
조상범,최용건,6,2,33.33
해리카심,이동국,6,2,33.33
마이아,이신우,5,2,40.0
정우주,홍대유,9,2,22.22
이혁,최봉주,10,4,40.0
송재철,토니,12,3,25.0
정우주,김동철,5,2,40.0
김효정,서인석,4,0,0.0
송재철,서홍수,28,4,14.29
김성현,김동철,8,1,12.5
코지,정호익,4,1,25.0
송재철,박종곤,6,0,0.0
김성현,송문길,3,1,33.33
코지,김동균,5,1,20.0
송재철,우창구,21,6,28.57
코지,이관호,15,6,40.0
해리카심,박병일,18,4,22.22
송재철,구자흥,3,1,33.33
이동하,정하백,9,5,55.56
송재철,송문길,21,9,42.86
김철호,이동국,7,2,28.57
김성현,정하백,6,2,33.33
김용근,이신우,32,9,28.12
송재철,강성오,27,10,37.04
정정희,박재우,11,2,18.18
박태종,구자흥,3,1,33.33
송재철,정하백,4,1,25.0
이혁,문병기,3,1,33.33
마이아,손영표,5,2,40.0
송재철,함완식,6,1,16.67
이혁,서홍수,3,2,66.67
해리카심,문병기,8,4,50.0
이용호,송문길,27,3,11.11
송재철,김동균,29,4,13.79
김정준,홍윤화,7,0,0.0
이용호,서홍수,8,0,0.0
김효정,박천서,6,0,0.0
조한별,최영주,4,0,0.0
코지,토니,54,27,50.0
조인권,최영주,5,0,0.0
장추열,이동국,10,2,20.0
송재철,최용구,8,1,12.5
송재철,최용건,3,0,0.0
김성현,박천서,12,3,25.0
김정준,홍대유,6,1,16.67
송재철,전승규,34,11,32.35
해리카심,배휴준,16,3,18.75
빅투아르,박지헌,6,0,0.0
빅투아르,최용건,4,0,0.0
송재철,안병기,14,4,28.57
이동하,우창구,9,4,44.44
이용호,신삼영,9,2,22.22
조재로,최봉주,7,3,42.86
씨씨웡,손영표,4,0,0.0
이용호,이동국,5,0,0.0
코지,서인석,4,1,25.0
푸르칸,박윤규,7,1,14.29
김효정,최용건,7,4,57.14
송재철,이준철,12,7,58.33
문세영,전승규,4,3,75.0
마이아,이관호,5,2,40.0
김옥성,조현수,11,2,18.18
씨씨웡,서인석,6,3,50.0
진겸,민장기,5,3,60.0
이혁,배휴준,3,0,0.0
조인권,서인석,4,0,0.0
신형철,박종곤,3,0,0.0
김용근,서범석,5,0,0.0
임기원,박재우,28,11,39.29
조재로,이동국,12,5,41.67
디에고,토니,5,0,0.0
김용근,정하백,11,4,36.36
김옥성,박윤규,13,1,7.69
송재철,강환민,11,0,0.0
송재철,이신우,3,1,33.33
장추열,손영표,4,0,0.0
김태희,전승규,3,0,0.0
임기원,이신우,16,4,25.0
이상규,박윤규,16,0,0.0
유승완,정호익,10,2,20.0
해리카심,손영표,11,2,18.18
이동하,정호익,8,4,50.0
씨씨웡,함완식,6,0,0.0
정우주,서인석,19,4,21.05
송재철,성상현,10,2,20.0
임기원,이관호,6,5,83.33
마이아,송문길,7,3,42.86
임기원,구자흥,3,1,33.33
문정균,우창구,5,0,0.0
김태희,홍윤화,5,1,20.0
이혁,조현수,4,0,0.0
김용근,김동철,13,5,38.46
임기원,송문길,9,4,44.44
푸르칸,최용건,16,6,37.5
디에고,안병기,6,1,16.67
이상규,토니,25,2,8.0
디에고,서범석,7,3,42.86
임기원,최용건,4,1,25.0
김정준,배휴준,4,0,0.0
임다빈,홍윤화,4,1,25.0
이혁,정하백,4,3,75.0
이혁,박종곤,3,2,66.67
우인철,김동균,28,6,21.43
디에고,손영표,4,0,0.0
조성환,이동국,22,0,0.0
우인철,성상현,6,2,33.33
권중석,최용건,7,2,28.57
김철호,배휴준,6,1,16.67
빅투아르,홍윤화,18,9,50.0
송재철,심승태,7,0,0.0
권중석,박재우,21,3,14.29
유승완,김동철,9,4,44.44
우인철,심승태,15,2,13.33
정우주,홍윤화,4,0,0.0
씨씨웡,토니,5,3,60.0
우인철,함완식,14,1,7.14
김정준,함완식,4,0,0.0
장추열,홍윤화,5,2,40.0
조재로,최용구,4,1,25.0
임기원,박윤규,5,2,40.0
권중석,박종곤,3,0,0.0
우인철,우창구,15,5,33.33
박태종,정호익,5,2,40.0
송재철,서인석,7,0,0.0
조성환,정호익,16,1,6.25
조성환,배휴준,7,0,0.0
우인철,조현수,10,1,10.0
이용호,홍대유,3,0,0.0
우인철,구자흥,10,4,40.0
김용근,전승규,16,5,31.25
해리카심,최용건,4,1,25.0
송재철,이동국,7,1,14.29
임기원,박병일,3,0,0.0
권중석,리카디,3,2,66.67
조인권,안병기,3,1,33.33
이용호,이준철,5,2,40.0
임기원,정하백,3,0,0.0
장추열,강환민,18,5,27.78
씨씨웡,정하백,3,1,33.33
이용호,최용건,5,2,40.0
권중석,안병기,4,1,25.0
이용호,정하백,6,0,0.0
김태희,박재우,14,1,7.14
권중석,이동국,7,1,14.29
김효정,이신우,9,3,33.33
송재철,이관호,14,5,35.71
우인철,박윤규,5,0,0.0
임기원,안병기,3,1,33.33
이동하,안병기,3,1,33.33
권중석,박윤규,4,1,25.0
임기원,최용구,3,1,33.33
정우주,박천서,4,0,0.0
김효정,심승태,7,3,42.86
조성환,조현수,21,3,14.29
김옥성,손영표,4,0,0.0
조성환,박종곤,3,0,0.0
이용호,서범석,10,2,20.0
송재철,신삼영,4,0,0.0
권중석,서범석,4,0,0.0
김아현,심승태,5,0,0.0
권중석,최영주,3,0,0.0
루이스,리카디,3,0,0.0
루이스,박천서,3,0,0.0
조성환,구자흥,4,0,0.0
우인철,김동철,4,2,50.0
문정균,이신우,4,1,25.0
조성환,최용구,4,2,50.0
유승완,안병기,28,11,39.29
조한별,박천서,13,2,15.38
조성환,심승태,12,1,8.33
임기원,심승태,7,1,14.29
권중석,강성오,4,2,50.0
루이스,서인석,17,3,17.65
김효정,배휴준,3,0,0.0
우인철,최용건,3,0,0.0
조성환,김동균,13,1,7.69
권중석,김동균,3,0,0.0
조성환,신삼영,3,0,0.0
최범현,서홍수,4,2,50.0
씨씨웡,성상현,5,2,40.0
임기원,강환민,3,0,0.0
임기원,성상현,5,0,0.0
조성환,임채덕,5,0,0.0
김태희,성상현,6,3,50.0
정우주,최봉주,10,3,30.0
조한별,서홍수,3,1,33.33
루이스,문병기,4,0,0.0
빅투아르,이동국,6,4,66.67
권중석,홍대유,5,1,20.0
권중석,성상현,3,0,0.0
마이아,최영주,5,2,40.0
조한별,우창구,18,1,5.56
권중석,홍윤화,5,1,20.0
오수철,최영주,3,0,0.0
임다빈,성상현,3,0,0.0
권중석,서홍수,15,3,20.0
조한별,심승태,5,1,20.0
루이스,김동균,6,2,33.33
권중석,조현수,9,4,44.44
루이스,최영주,7,3,42.86
루이스,정호익,11,4,36.36
김태훈,최봉주,19,7,36.84
김아현,문병기,4,0,0.0
유승완,이신우,6,3,50.0
권중석,함완식,7,1,14.29
우인철,신삼영,3,1,33.33
루이스,박재우,23,4,17.39
루이스,박윤규,4,0,0.0
정정희,정하백,10,3,30.0
루이스,함완식,13,9,69.23
송재철,박천서,5,0,0.0
루이스,서범석,6,2,33.33
이상규,김동철,3,2,66.67
루이스,최용건,4,2,50.0
우인철,강성오,6,3,50.0
이동하,조현수,3,1,33.33
조성환,이준철,6,0,0.0
마이아,성상현,4,2,50.0
임기원,강성오,8,2,25.0
우인철,이관호,20,2,10.0
최범현,강환민,3,2,66.67
우인철,박종곤,3,2,66.67
우인철,이동국,4,1,25.0
최범현,서인석,3,2,66.67
장추열,성상현,3,1,33.33
권중석,이관호,11,3,27.27
김옥성,김동균,3,0,0.0
조재로,성상현,5,2,40.0
유승완,심승태,5,0,0.0
정정희,박지헌,7,2,28.57
조성환,김동철,8,3,37.5
정우주,임채덕,3,0,0.0
정우주,정호익,5,2,40.0
송재철,조현수,4,1,25.0
권중석,송문길,3,2,66.67
이상규,배휴준,3,0,0.0
오수철,이관호,13,2,15.38
우인철,서홍수,23,12,52.17
우인철,강환민,3,1,33.33
송재철,홍윤화,3,0,0.0
빅투아르,박윤규,5,1,20.0
권중석,심승태,5,0,0.0
우인철,송문길,3,1,33.33
푸르칸,우창구,9,4,44.44
코지,강환민,4,0,0.0
장추열,서범석,6,5,83.33
조성환,최영주,5,0,0.0
정정희,홍윤화,3,1,33.33
조상범,최영주,3,0,0.0
루이스,최용구,4,0,0.0
장추열,최봉주,3,1,33.33
권중석,전승규,4,1,25.0
우인철,최용구,5,4,80.0
조한별,정하백,8,4,50.0
김철호,박천서,3,0,0.0
정정희,송문길,4,1,25.0
씨씨웡,이신우,8,4,50.0
우인철,이준철,9,7,77.78
우인철,서인석,5,3,60.0
조재로,박재우,7,4,57.14
정정희,조현수,5,0,0.0
조재로,강성오,5,3,60.0
씨씨웡,강환민,3,2,66.67
조성환,최봉주,8,0,0.0
김태현,임채덕,6,0,0.0
정우주,배휴준,7,2,28.57
씨씨웡,박병일,3,1,33.33
우인철,리카디,3,1,33.33
우인철,문병기,5,1,20.0
코지,홍윤화,4,3,75.0
장추열,정하백,5,1,20.0
장추열,서홍수,4,3,75.0
코지,정하백,3,2,66.67
김철호,홍대유,3,1,33.33
권중석,서인석,5,1,20.0
유승완,성상현,3,0,0.0
권중석,이신우,4,1,25.0
마이아,박재우,6,3,50.0
김태현,문병기,3,0,0.0
정우주,조현수,3,1,33.33
김태훈,성상현,3,1,33.33
조성환,서인석,4,0,0.0
루이스,강성오,3,1,33.33
김태훈,이준철,6,2,33.33
김아현,이동국,3,0,0.0
김용근,배휴준,3,0,0.0
김철호,김동균,5,0,0.0
김정준,강환민,5,1,20.0
김아현,서인석,3,0,0.0
푸르칸,정호익,5,1,20.0
김태현,강환민,3,1,33.33
이용호,정호익,5,2,40.0
송재철,박윤규,3,0,0.0
코지,임채덕,3,1,33.33
김용근,최봉주,3,0,0.0
조성환,박재우,3,0,0.0
