rcDate,rcNo,hrName,jkName,trName,ord
20240414,1,서부챔프,이현종,서인석,1
20240414,1,올아이즈온미,조상범,최용건,2
20240414,1,탑다이아,정정희,리카디,3
20240414,1,음성파워,해리카심,함완식,4
20240414,1,매직사운드,김효정,토니,5
20240414,1,테스타블루,김성현,김윤섭,6
20240414,1,대물삭스,장추열,이관호,7
20240414,1,마루별,빅투아르,정호익,8
20240414,1,피엔에스챔프,오수철,박윤규,9
20240414,1,프로시드,씨씨웡,강성오,10
20240414,2,애플퀸,송재철,토니,1
20240414,2,이스트라이징,조한별,서인석,2
20240414,2,샤인볼트,김철호,김동균,3
20240414,2,컴플리트파티,이동하,강성오,4
20240414,2,스마일골드,정정희,리카디,5
20240414,2,바이롱스타,유승완,최봉주,6
20240414,2,영원하라,김용근,문병기,7
20240414,2,무빙,조인권,함완식,8
20240414,2,용기내요그대,오수철,신삼영,9
20240414,2,삼성여제,김효정,최영주,10
20240414,2,멜로디참,조상범,심승태,11
20240414,3,신의여제,이동하,문병기,1
20240414,3,더선파이터,송재철,토니,2
20240414,3,굿선봉,서승운,심승태,3
20240414,3,서울최강자,이혁,이관호,4
20240414,3,빛의카,박을운,조현수,5
20240414,3,원더풀남촌,김성현,구자흥,6
20240414,3,스트렝스,조재로,김동철,7
20240414,3,러브카우걸,씨씨웡,서범석,8
20240414,3,송암스카이,김정준,박병일,9
20240414,3,원평광야,해리카심,정호익,10
20240414,3,원더풀리걸,조인권,임채덕,11
20240414,4,금악스타,이혁,심승태,1
20240414,4,하트케이,송재철,송문길,2
20240414,4,머스퀸플라이,푸르칸,최용건,3
20240414,4,용비파워,박태종,홍대유,4
20240414,4,로터스미르,김철호,임채덕,5
20240414,4,피엔에스더킹,해리카심,최영주,6
20240414,4,서머파티,김용근,이신영,7
20240414,4,뉴포인트,조상범,손영표,94
20240414,5,짜릿한자유,서승운,최용건,1
20240414,5,리치게이트,장추열,이준철,2
20240414,5,빅스마트,송재철,토니,3
20240414,5,고스트참,씨씨웡,서홍수,4
20240414,5,마구마,오수철,안해양,5
20240414,5,원스피어,김성현,문병기,6
20240414,5,빅에너지,조재로,이관호,7
20240414,5,에브리참,신형철,임채덕,8
20240414,6,마이센터,해리카심,정호익,1
20240414,6,늘가을,이혁,서홍수,2
20240414,6,강풍마,조재로,김동철,3
20240414,6,블랙벨트,정정희,리카디,4
20240414,6,럭키선,장추열,안해양,5
20240414,6,월드참,오수철,유재길,6
20240414,6,울트라갤럭시,씨씨웡,최용건,7
20240414,6,로열로드,김용근,안병기,8
20240414,6,머스탱파워,김태훈,강환민,9
20240414,6,플라잉골드,신형철,강성오,10
20240414,7,[부산경남]벌마의스타,서승운,백광열,1
20240414,7,어마어마,송재철,송문길,2
20240414,7,섬싱로스트,이혁,홍대유,3
20240414,7,대한질주,장추열,김동철,4
20240414,7,[부산경남]대망의길,이성재,김길중,5
20240414,7,모르피스,빅투아르,이관호,6
20240414,7,레전드데이,유승완,김동균,7
20240414,7,[부산경남]쏜살,모준호,이상영,8
20240414,7,[부산경남]킹오브글로리,신윤섭,임성실,9
20240414,7,라온더포인트,최범현,박종곤,10
20240414,7,마이티고,씨씨웡,서홍수,11
20240414,7,[부산경남]해피피버,정동철,하무선,12
20240414,7,[부산경남]닥터시저,진겸,백광열,13
20240414,7,프리맥스,이용호,문병기,14
20240414,7,컴플리트밸류,신형철,이희영,15
20240414,7,이스트제트,문성혁,서인석,16
20240414,8,빈체로카발로,조인권,서인석,1
20240414,8,블랙모션,정정희,리카디,2
20240414,8,미라클한강,유승완,곽영효,3
20240414,8,지구라트,조재로,이관호,4
20240414,8,블루레몬,이동하,문병기,5
20240414,8,브라이트한센,해리카심,함완식,6
20240414,8,동진불패,김정준,박병일,7
20240414,8,장산스포,장추열,최용건,8
20240414,8,라온아메리칸,최범현,박종곤,9
20240414,8,프레시맨,송재철,강환민,10
20240414,8,카우보이탱고,문정균,최봉주,11
20240414,8,금전사,김용근,우창구,12
20240414,8,행복한승자,이용호,토니,13
20240414,8,차돌다이아,박태종,홍대유,13
20240414,9,옐로우캣,김태희,서인석,1
20240414,9,원더풀데블,다비드,리카디,2
20240414,9,라온더아리아,최범현,박종곤,3
20240414,9,러블리케이,김용근,우창구,4
20240414,9,소베라니아,이용호,심승태,5
20240414,9,폴인러브,이동하,강환민,6
20240414,9,천마비상,박태종,서인석,7
20240414,9,더퀸저스티스,장추열,안해양,8
20240414,9,에클레어퓨리,송재철,서홍수,9
20240414,10,크라운함성,장추열,이관호,1
20240414,10,피엔에스아이,해리카심,이희영,2
20240414,10,올포유어드림,김태희,신삼영,3
20240413,1,골드시대,김태훈,리카디,1
20240413,1,엑스팩터,조인권,김동균,2
20240413,1,위드디스쿠로,조한별,최영주,3
20240413,1,히어로골드,이동하,김윤섭,4
20240413,1,캡틴뮤직,조상범,심승태,5
20240413,1,블랙시대,해리카심,강성오,6
20240413,1,라온더파르타,오수철,최용건,7
20240413,1,나우엘리트,이혁,신삼영,8
20240413,1,캔버스엔고,조재로,김동철,9
20240413,1,타이거킹,김용근,안해양,10
20240413,1,베스트마야,송재철,곽영효,11
20240413,2,솔레어,조재로,서홍수,1
20240413,2,오송의별,김철호,박재우,2
20240413,2,대명장,김옥성,홍대유,3
20240413,2,아씨장군,김용근,최용건,4
20240413,2,천지마켓,송재철,김동균,5
20240413,2,주링스카이,조한별,손영표,6
20240413,2,엠케이리,장추열,박재우,7
20240413,2,대원용마,문성혁,서인석,8
20240413,2,필승마,이현종,안병기,9
20240413,3,예지몽,이동하,구자흥,1
20240413,3,피엔에스날라,오수철,박윤규,2
20240413,3,테스타루비,조재로,김동철,3
20240413,3,토호마켓,유승완,김동균,4
20240413,3,라온더클래머,김성현,최용건,5
20240413,3,당찬낭보,김철호,전승규,6
20240413,3,포세이돈블루,김태희,서인석,7
20240413,3,백두대물,김효정,박재우,8
20240413,3,논스톱플레이,이현종,신삼영,9
20240413,3,모쿠슈라,해리카심,정호익,93
20240413,4,선더갤러퍼,문정균,함완식,1
20240413,4,블러드마운틴,이혁,유재길,2
20240413,4,퀸아비게일,조상범,최봉주,3
20240413,4,코스모킹,다비드,서범석,4
20240413,4,글로리참,김태훈,심승태,5
20240413,4,용비천,진겸,구자흥,6
20240413,4,금성탈환,김아현,손영표,7
20240413,4,에버더크라운,조재로,조현수,8
20240413,4,선갤런트,해리카심,서범석,9
20240413,5,베스트클론,이상규,이희영,1
20240413,5,쓸모,서승운,안병기,2
20240413,5,퍼스트슈,조상범,심승태,3
20240413,5,골드베르크,장추열,송문길,4
20240413,5,제우시대,씨씨웡,최용건,5
20240413,5,그린비바체,김태희,구자흥,6
20240413,5,성실영웅,빅투아르,토니,7
20240413,5,용천지상,박태종,최봉주,8
20240413,5,스페셜포스,조인권,임채덕,9
20240413,5,황우강자,김용근,최용구,10
20240413,5,비트업,이혁,이희영,94
20240413,6,에이스군주,김정준,송문길,1
20240413,6,페어스카이즈,유승완,김동균,2
20240413,6,용비불패,박태종,홍대유,3
20240413,6,아마존킹,송재철,토니,4
20240413,6,두손챔프,빅투아르,정호익,5
20240413,6,문학홀리데이,해리카심,정호익,6
20240413,6,럭키붐,이동하,이관호,7
20240413,6,키스유니버스,씨씨웡,서홍수,8
20240413,6,퀸매스터리,조상범,이신영,9
20240413,6,자이언트삭스,장추열,강환민,10
20240413,6,엔딩파이어,서승운,박재우,95
20240413,7,브라운골드,해리카심,토니,1
20240413,7,동행퍼스트,송재철,토니,2
20240413,7,케이엔티즈원,김용근,전승규,3
20240413,7,샤크텐,조상범,이희영,4
20240413,7,파워에치드,박을운,심승태,5
20240413,7,럭셔리킹,정정희,김동철,6
20240413,7,원더풀위싱,김철호,임채덕,7
20240413,7,명성축제,이동하,김윤섭,8
20240413,8,미스터퀄리티,다비드,안병기,1
20240413,8,달맞이,유승완,김윤섭,2
20240413,8,원더풀퍼지,장추열,임채덕,3
20240413,8,은빛돌풍,박을운,조현수,4
20240413,8,골든아너,정정희,전승규,5
20240413,8,우청륭,김용근,안해양,6
20240413,8,퍼펙트건맨,이현종,최용건,7
20240413,8,럭키바운스,이동하,우창구,8
20240413,8,새벽밴드,조재로,서인석,92
20240413,8,피엔에스빌,오수철,유재길,94
20240413,9,펀크레이지,씨씨웡,심승태,1
20240413,9,킹다이아,이동하,이신영,2
20240413,9,비전파워,정정희,김동철,3
20240413,9,티즈에너지,빅투아르,서인석,4
20240413,9,정상킹덤,이현종,박희철,5
20240413,9,홀리데이참,해리카심,유재길,6
20240413,9,메니원더풀,장추열,김동균,7
20240413,9,새로운빛깔,조상범,홍대유,8
20240413,10,화랑투데이,유승완,전승규,1
20240413,10,내길의퀸,이혁,함완식,2
20240413,10,바이킹하트,박을운,이신영,3
20240413,10,불화산,김아현,이관호,4
20240413,10,빛나는질주,김효정,유재길,5
20240413,10,드림플레이,정정희,김동철,6
20240413,10,펄포인트,이현종,서인석,7
20240413,10,비엔토,조한별,심승태,8
20240413,11,특급대로,이혁,이희영,1
20240413,11,리버태양,빅투아르,정호익,2
20240413,11,와일드삭스,조상범,이관호,3
20240413,11,순간터치,김용근,송문길,4
20240413,11,배다리왕자,송재철,서홍수,5
20240407,1,하얀태양,송재철,강환민,1
20240407,1,용비퀸,이혁,홍대유,2
20240407,1,비케이벨,박을운,조현수,3
20240407,1,탱글이,정정희,김동철,4
20240407,1,매직프린스,빅투아르,리카디,5
20240407,1,질풍재즈,김성현,조현수,6
20240407,1,빅토리실버,박태종,우창구,7
20240407,1,스카이텐,조한별,문병기,8
20240407,1,원더풀로드,김태희,서인석,9
20240407,1,스마트알파,조상범,손영표,10
20240407,1,주얼리패션,김정준,송문길,11
20240407,2,배다리향기,해리카심,서홍수,1
20240407,2,플라잉럭키,김성현,최영주,2
20240407,2,넥스트레벨,씨씨웡,심승태,3
20240407,2,내추럴사운드,김정준,심승태,4
20240407,2,제너럴파워,이혁,최영주,5
20240407,2,칼리프,신형철,문병기,6
20240407,2,플라잉라이언,이용호,송문길,7
20240407,2,매직임팩트,빅투아르,리카디,95
20240407,3,스팔타,김효정,박재우,1
20240407,3,스터닝챔프,최범현,김동균,2
20240407,3,댄싱강자,김아현,이준철,3
20240407,3,맥스파티,조상범,손영표,4
20240407,3,스케일킹,김정준,송문길,5
20240407,3,스파클링,씨씨웡,서홍수,6
20240407,3,퍼펙트티아라,송재철,안병기,7
20240407,3,브라이트카이,정우주,함완식,8
20240407,3,엘리트보스,신형철,임채덕,9
20240407,3,걸작스타,김태희,박윤규,94
20240407,4,드래곤킹덤,김용근,이준철,1
20240407,4,클라우터,김성현,안병기,2
20240407,4,스마트삭스,박을운,이신영,3
20240407,4,라온더시대,김태희,박종곤,4
20240407,4,강철여걸,김정준,유재길,5
20240407,4,아로마,김아현,이관호,6
20240407,4,금악진주,박태종,홍대유,7
20240407,4,슈퍼군황,조인권,송문길,8
20240407,4,원더풀티지,이동진,박윤규,9
20240407,4,건곤일척,김철호,조현수,10
20240407,4,걸작선,해리카심,박윤규,11
20240407,5,울트라드래곤,조인권,강환민,1
20240407,5,고마나루,임다빈,구자흥,2
20240407,5,더트서퍼,오수철,유재길,3
20240407,5,천군,최범현,이관호,4
20240407,5,심플스타일,김효정,송문길,5
20240407,5,로열함성,김아현,이관호,6
20240407,5,옥천최강,이혁,곽영효,7
20240407,5,화씨벽,김용근,우창구,8
20240407,5,선포레,김철호,조현수,9
20240407,6,선더플래시,김효정,문병기,1
20240407,6,라온엠파이어,해리카심,박종곤,2
20240407,6,마이티쎈,씨씨웡,서홍수,3
20240407,6,아라모아,빅투아르,서인석,4
20240407,6,아깽이,송재철,안병기,5
20240407,6,두손클래식,문정균,정호익,6
20240407,6,아르고공주,오수철,신삼영,7
20240407,6,퍼지킹,신형철,강성오,8
20240407,6,월드섀넌스,박태종,홍대유,9
20240407,6,초인강자,조한별,전승규,92
20240407,7,위즈러너,이혁,이희영,1
20240407,7,원평타운,임다빈,정호익,2
20240407,7,힐링헤이븐,박을운,조현수,3
20240407,7,창조의아침,조인권,김동균,4
20240407,7,미스큐피드,송재철,우창구,5
20240407,7,최고게임,빅투아르,강성오,6
20240407,7,알렉산더원,김효정,우창구,7
20240407,7,클림트월드,씨씨웡,서홍수,8
20240407,7,블루밍스타,정정희,서인석,9
20240407,7,이스트웨스트,김철호,강환민,10
20240407,7,금성시대,정우주,박재우,11
20240407,8,금아파이어리,해리카심,이준철,1
20240407,8,헌터블레이드,푸르칸,토니,2
20240407,8,매직아워,씨씨웡,정호익,3
20240407,8,더스파이커,조상범,이신영,4
20240407,8,문학어플리트,빅투아르,정호익,5
20240407,8,별나라질주,박태종,최봉주,6
20240407,8,스프링꿈,김성현,안병기,7
20240407,8,하이러너,김용근,이관호,8
20240407,8,라온더퀄리티,김태희,박종곤,9
20240407,8,마이윈,이용호,송문길,10
20240407,8,옥룡,다비드,강성오,95
20240407,9,거센돌풍,조상범,이신영,1
20240407,9,다프네,다비드,리카디,2
20240407,9,제다이,김태희,송문길,3
20240407,9,절대가치,김용근,강성오,4
20240407,9,행복한문막,조한별,최영주,5
20240407,9,골드파워,정우주,박재우,6
20240407,9,아이스스타,이혁,이관호,7
20240407,9,새내파워풀,박태종,홍대유,8
20240407,9,단디,빅투아르,안해양,9
20240407,9,엠제이베스트,김성현,문병기,10
20240407,9,글로벌선,씨씨웡,정호익,11
20240407,10,모닝힐,정정희,서인석,1
20240407,10,문학보스,김동수,박병일,2
20240407,10,싱싱메리,하정훈,조현수,3
20240407,10,베스트탑,송재철,이희영,4
20240407,10,서울탱크,김태훈,박희철,5
20240407,10,그레이캣,김효정,임채덕,6
20240407,10,야호골든캣,정우주,박재우,7
20240407,10,스프링킹,푸르칸,최용건,8
20240406,1,파이널고,임다빈,김동균,1
20240406,1,크레이지샤,김아현,신삼영,2
20240406,1,삼애번쩍,최범현,곽영효,3
20240406,1,나올인디,박을운,심승태,4
20240406,1,원더풀패스,정정희,전승규,5
20240406,1,함평장미,김성현,김윤섭,6
20240406,1,금성파워,김효정,박재우,7
20240406,1,메가스텝,김정준,송문길,8
20240406,1,맥스마,이상규,홍대유,9
20240406,1,오푸스퍼플,이동진,박윤규,10
20240406,2,드림카드,김정준,박병일,1
20240406,2,이에이치코코,김성현,심승태,2
20240406,2,나올정상,박을운,구자흥,3
20240406,2,신의운명,이현종,문병기,4
20240406,2,드래곤스퀘어,해리카심,토니,5
20240406,2,투에이스,이상규,임채덕,6
20240406,2,강철전사,송재철,김동균,7
20240406,2,샤우트쿠로,박병윤,김동철,95
20240406,3,슈팅리버스,임다빈,김동균,1
20240406,3,하이본미,조상범,함완식,2
20240406,3,캡틴타임,다비드,문병기,3
20240406,3,글로리앤아너,조한별,김동균,4
20240406,3,천은총,김철호,임채덕,5
20240406,3,모모케이,송재철,송문길,6
20240406,3,월드킹맨,씨씨웡,박윤규,7
20240406,3,대지의여걸,김태희,구자흥,8
20240406,3,채플프린세스,해리카심,서범석,9
20240406,3,누리데이,오수철,최용건,10
20240406,3,투게더웨이,김효정,김윤섭,11
20240406,4,서천라이언,빅투아르,서인석,1
20240406,4,메니샤크,조한별,김동균,2
20240406,4,명진불패,송재철,문병기,3
20240406,4,엑설런트탄,임다빈,김동균,4
20240406,4,스페셜힐,김철호,전승규,5
20240406,4,우주전쟁,문정균,강성오,6
20240406,4,원더풀시킹,해리카심,서범석,7
20240406,4,플라잉카라반,이용호,송문길,8
20240406,4,슬램드래곤,김태훈,토니,9
20240406,4,벨로테로,씨씨웡,서홍수,10
20240406,4,강서브이,조인권,박재우,11
20240406,5,정성타이거,해리카심,서인석,1
20240406,5,배다리쾌검,김동수,김동균,2
20240406,5,민트플레이,조한별,임채덕,3
20240406,5,칠산대교,박병윤,김윤섭,4
20240406,5,갤럭시삭스,김옥성,이신영,5
20240406,5,바람살,이현종,신삼영,6
20240406,5,헤이마마,김정준,유재길,7
20240406,5,새내비바,이혁,홍대유,8
20240406,5,파인데이,푸르칸,심승태,9
20240406,5,아이스크림,씨씨웡,박윤규,10
20240406,5,쏘아라미미,임다빈,이관호,11
20240406,6,밀리언파티,송재철,이준철,1
20240406,6,라온시티걸,김정준,박종곤,2
20240406,6,성실공주핑크,푸르칸,토니,3
20240406,6,예술이야,김용근,최용구,4
20240406,6,네모프린스,임다빈,김동균,5
20240406,6,컴플리트럭키,이혁,강환민,6
20240406,6,드론킬러,씨씨웡,박재우,7
20240406,6,유니콘킹덤,조인권,최용구,8
20240406,6,아만바로우즈,김태희,서인석,9
20240406,6,히든브레인,김효정,최영주,10
20240406,6,해피믹스,이동진,조현수,11
20240406,7,히든블레이드,다비드,강환민,1
20240406,7,토호스카이,임다빈,손영표,2
20240406,7,파인팜,정우주,박재우,3
20240406,7,금성크라운,박병윤,서인석,4
20240406,7,울트라삭스,이혁,강성오,5
20240406,7,유니콘히트,조인권,최용구,6
20240406,7,한강질주,박태종,곽영효,7
20240406,7,쏘아라투투,문정균,이관호,8
20240406,7,트로트퀸,김태희,김동균,9
20240406,8,바덴바덴,김용근,강성오,1
20240406,8,매디슨마운틴,박태종,곽영효,2
20240406,8,태양타고,정정희,김동철,3
20240406,8,아치메모리,정우주,심승태,4
20240406,8,히어로레전드,임다빈,김윤섭,5
20240406,8,원평퀸,오수철,유재길,6
20240406,8,제다이포스,김효정,송문길,7
20240406,8,별나라비마,빅투아르,최봉주,8
20240406,8,더페이버릿,박현우,박재우,9
20240406,8,원더풀폭스,해리카심,최영주,10
20240406,9,그레이트스톰,김태희,우창구,1
20240406,9,우루스퀸,조인권,송문길,2
20240406,9,송암드래건,이현종,김윤섭,3
20240406,9,마이칸,씨씨웡,서홍수,4
20240406,9,블루인디,송재철,강환민,5
20240406,9,원더풀조이,신형철,문병기,6
20240406,9,벌교차돌,박태종,홍대유,7
20240406,9,희망챔프,임다빈,최용건,95
20240406,10,이다나은,송재철,구자흥,1
20240406,10,클럽디,이혁,최영주,2
20240406,10,만세,김성현,문병기,3
20240406,10,지모션,빅투아르,리카디,4
20240406,10,케이엔언더킹,오수철,최용건,5
20240406,10,더리퍼,이상규,토니,6
20240406,10,논스톱기상,신형철,신삼영,7
20240406,10,황금해,조한별,안병기,8
20240406,10,다이아키,김효정,조현수,9
20240406,10,원평코드,씨씨웡,정호익,10
20240406,10,빅야크,김용근,강환민,11
